Item_Identifier,Item_Weight_Unique_Count,Item_Weight_Unique_Value,Item_FatContent_Unique_Count,Item_FatContent_Unique_Value,Item_Type_Unique_Count,Item_Type_Unique_Value
DRA12,1,[11.6],2,"['Low Fat', 'LF']",1,['Soft Drinks']
DRA24,1,"[nan, 19.35]",1,['Regular'],1,['Soft Drinks']
DRA59,1,"[8.27, nan]",1,['Regular'],1,['Soft Drinks']
DRB01,1,"[nan, 7.39]",1,['Low Fat'],1,['Soft Drinks']
DRB13,1,[6.115],1,['Regular'],1,['Soft Drinks']
DRB24,1,[8.785],1,['Low Fat'],1,['Soft Drinks']
DRB25,1,"[nan, 12.3]",1,['Low Fat'],1,['Soft Drinks']
DRB48,1,"[16.75, nan]",1,['Regular'],1,['Soft Drinks']
DRC01,1,"[nan, 5.92]",1,['Regular'],1,['Soft Drinks']
DRC12,1,[17.85],1,['Low Fat'],1,['Soft Drinks']
DRC13,1,[8.26],1,['Regular'],1,['Soft Drinks']
DRC24,1,[17.85],1,['Low Fat'],1,['Soft Drinks']
DRC25,1,"[5.73, nan]",1,['Low Fat'],1,['Soft Drinks']
DRC27,1,[13.8],1,['Low Fat'],1,['Dairy']
DRC36,1,"[13.0, nan]",2,"['reg', 'Regular']",1,['Soft Drinks']
DRC49,1,"[8.67, nan]",2,"['Low Fat', 'LF']",1,['Soft Drinks']
DRD01,1,[12.1],1,['Regular'],1,['Soft Drinks']
DRD12,1,"[nan, 6.96]",2,"['Low Fat', 'LF']",1,['Soft Drinks']
DRD13,1,"[nan, 15.0]",1,['Low Fat'],1,['Soft Drinks']
DRD15,1,"[10.6, nan]",1,['Low Fat'],1,['Dairy']
DRD24,1,"[13.85, nan]",1,['Low Fat'],1,['Soft Drinks']
DRD25,1,"[nan, 6.135]",2,"['Low Fat', 'LF']",1,['Soft Drinks']
DRD27,1,"[18.75, nan]",1,['Low Fat'],1,['Dairy']
DRD37,1,[9.8],2,"['Low Fat', 'LF']",1,['Soft Drinks']
DRD49,1,[9.895],2,"['Low Fat', 'LF']",1,['Soft Drinks']
DRD60,1,"[nan, 15.7]",2,"['Low Fat', 'LF']",1,['Soft Drinks']
DRE01,1,[10.1],1,['Low Fat'],1,['Soft Drinks']
DRE03,1,[19.6],1,['Low Fat'],1,['Dairy']
DRE12,1,"[4.59, nan]",1,['Low Fat'],1,['Soft Drinks']
DRE13,1,"[nan, 6.28]",2,"['Low Fat', 'low fat']",1,['Soft Drinks']
DRE15,1,"[13.35, nan]",1,['Low Fat'],1,['Dairy']
DRE25,1,"[nan, 15.35]",2,"['Low Fat', 'LF']",1,['Soft Drinks']
DRE27,1,[11.85],1,['Low Fat'],1,['Dairy']
DRE37,1,"[nan, 13.5]",2,"['Low Fat', 'LF']",1,['Soft Drinks']
DRE48,1,"[8.43, nan]",2,"['Low Fat', 'LF']",1,['Soft Drinks']
DRE49,1,"[nan, 20.75]",2,"['Low Fat', 'LF']",1,['Soft Drinks']
DRE60,1,"[9.395, nan]",2,"['Low Fat', 'low fat']",1,['Soft Drinks']
DRF01,1,"[nan, 5.655]",2,"['Low Fat', 'LF']",1,['Soft Drinks']
DRF03,1,"[19.1, nan]",1,['Low Fat'],1,['Dairy']
DRF13,1,[12.1],1,['Low Fat'],1,['Soft Drinks']
DRF15,1,"[18.35, nan]",2,"['Low Fat', 'LF']",1,['Dairy']
DRF23,1,"[4.61, nan]",1,['Low Fat'],1,['Hard Drinks']
DRF25,1,"[9.0, nan]",1,['Low Fat'],1,['Soft Drinks']
DRF27,1,"[8.93, nan]",2,"['Low Fat', 'low fat']",1,['Dairy']
DRF36,1,"[16.1, nan]",2,"['Low Fat', 'LF']",1,['Soft Drinks']
DRF37,1,"[17.25, nan]",2,"['Low Fat', 'low fat']",1,['Soft Drinks']
DRF48,1,[5.73],1,['Low Fat'],1,['Soft Drinks']
DRF49,1,"[nan, 7.27]",2,"['Low Fat', 'LF']",1,['Soft Drinks']
DRF51,1,[15.75],1,['Low Fat'],1,['Dairy']
DRF60,1,[10.8],2,"['Low Fat', 'low fat']",1,['Soft Drinks']
DRG01,1,"[nan, 14.8]",1,['Low Fat'],1,['Soft Drinks']
DRG03,1,"[nan, 14.5]",1,['Low Fat'],1,['Dairy']
DRG11,1,[6.385],1,['Low Fat'],1,['Hard Drinks']
DRG13,1,"[17.25, nan]",1,['Low Fat'],1,['Soft Drinks']
DRG15,1,[6.13],1,['Low Fat'],1,['Dairy']
DRG23,1,"[8.88, nan]",1,['Low Fat'],1,['Hard Drinks']
DRG25,1,[10.5],1,['Low Fat'],1,['Soft Drinks']
DRG27,1,"[8.895, nan]",1,['Low Fat'],1,['Dairy']
DRG36,1,"[14.15, nan]",3,"['Low Fat', 'LF', 'low fat']",1,['Soft Drinks']
DRG37,1,"[16.2, nan]",2,"['Low Fat', 'LF']",1,['Soft Drinks']
DRG39,1,[14.15],1,['Low Fat'],1,['Dairy']
DRG48,1,"[nan, 5.78]",1,['Low Fat'],1,['Soft Drinks']
DRG49,1,"[nan, 7.81]",1,['Low Fat'],1,['Soft Drinks']
DRG51,1,[12.1],1,['Low Fat'],1,['Dairy']
DRH01,1,"[17.5, nan]",1,['Low Fat'],1,['Soft Drinks']
DRH03,1,"[17.25, nan]",2,"['Low Fat', 'low fat']",1,['Dairy']
DRH11,1,"[nan, 5.98]",2,"['Low Fat', 'LF']",1,['Hard Drinks']
DRH13,1,"[8.575, nan]",1,['Low Fat'],1,['Soft Drinks']
DRH15,1,"[8.775, nan]",1,['Low Fat'],1,['Dairy']
DRH23,1,"[14.65, nan]",1,['Low Fat'],1,['Hard Drinks']
DRH25,1,"[18.7, nan]",1,['Low Fat'],1,['Soft Drinks']
DRH36,1,"[16.2, nan]",1,['Low Fat'],1,['Soft Drinks']
DRH37,1,"[17.6, nan]",1,['Low Fat'],1,['Soft Drinks']
DRH39,1,"[nan, 20.7, nan]",2,"['Low Fat', 'low fat']",1,['Dairy']
DRH49,1,"[nan, 19.7]",1,['Low Fat'],1,['Soft Drinks']
DRH51,1,"[17.6, nan]",1,['Low Fat'],1,['Dairy']
DRH59,1,[10.8],3,"['Low Fat', 'LF', 'low fat']",1,['Hard Drinks']
DRI01,1,"[nan, 7.97]",1,['Low Fat'],1,['Soft Drinks']
DRI03,1,"[nan, 6.03]",1,['Low Fat'],1,['Dairy']
DRI11,1,"[8.26, nan]",1,['Low Fat'],1,['Hard Drinks']
DRI13,1,[15.35],1,['Low Fat'],1,['Soft Drinks']
DRI23,1,"[nan, 18.85]",1,['Low Fat'],1,['Hard Drinks']
DRI25,1,"[19.6, nan]",2,"['Low Fat', 'LF']",1,['Soft Drinks']
DRI37,1,"[nan, 15.85]",1,['Low Fat'],1,['Soft Drinks']
DRI39,1,"[nan, 13.8]",2,"['Low Fat', 'LF']",1,['Dairy']
DRI47,1,[14.7],1,['Low Fat'],1,['Hard Drinks']
DRI49,1,[14.15],1,['Low Fat'],1,['Soft Drinks']
DRI51,1,"[17.25, nan]",2,"['Low Fat', 'LF']",1,['Dairy']
DRI59,1,"[9.5, nan]",1,['Low Fat'],1,['Hard Drinks']
DRJ01,1,"[nan, 6.135]",2,"['Low Fat', 'low fat']",1,['Soft Drinks']
DRJ11,1,[9.5],1,['Low Fat'],1,['Hard Drinks']
DRJ13,1,[12.65],2,"['Low Fat', 'LF']",1,['Soft Drinks']
DRJ23,1,"[18.35, nan]",1,['Low Fat'],1,['Hard Drinks']
DRJ24,1,"[11.8, nan]",1,['Low Fat'],1,['Soft Drinks']
DRJ25,1,[14.6],1,['Low Fat'],1,['Soft Drinks']
DRJ35,1,[10.1],1,['Low Fat'],1,['Hard Drinks']
DRJ37,1,"[10.8, nan]",1,['Low Fat'],1,['Soft Drinks']
DRJ39,1,"[nan, 20.25]",1,['Low Fat'],1,['Dairy']
DRJ47,1,"[nan, 18.25]",1,['Low Fat'],1,['Hard Drinks']
DRJ49,1,[6.865],1,['Low Fat'],1,['Soft Drinks']
DRJ51,1,[14.1],1,['Low Fat'],1,['Dairy']
DRJ59,1,"[11.65, nan]",2,"['Low Fat', 'low fat']",1,['Hard Drinks']
DRK01,1,[7.63],1,['Low Fat'],1,['Soft Drinks']
DRK11,1,"[8.21, nan]",2,"['Low Fat', 'low fat']",1,['Hard Drinks']
DRK12,1,"[9.5, nan]",2,"['Low Fat', 'LF']",1,['Soft Drinks']
DRK13,1,"[11.8, nan]",1,['Low Fat'],1,['Soft Drinks']
DRK23,1,"[8.395, nan]",1,['Low Fat'],1,['Hard Drinks']
DRK35,1,"[8.365, nan]",1,['Low Fat'],1,['Hard Drinks']
DRK37,1,"[nan, 5.0]",2,"['Low Fat', 'LF']",1,['Soft Drinks']
DRK39,1,"[nan, 7.02]",1,['Low Fat'],1,['Dairy']
DRK47,1,[7.905],1,['Low Fat'],1,['Hard Drinks']
DRK49,1,"[nan, nan, 14.15]",2,"['Low Fat', 'LF']",1,['Soft Drinks']
DRK59,1,"[8.895, nan]",3,"['Low Fat', 'LF', 'low fat']",1,['Hard Drinks']
DRL01,1,"[19.5, nan]",1,['Regular'],1,['Soft Drinks']
DRL11,1,"[10.5, nan]",3,"['Low Fat', 'LF', 'low fat']",1,['Hard Drinks']
DRL23,1,[18.35],1,['Low Fat'],1,['Hard Drinks']
DRL35,1,"[nan, 15.7]",2,"['Low Fat', 'low fat']",1,['Hard Drinks']
DRL37,1,"[nan, 15.5]",1,['Low Fat'],1,['Soft Drinks']
DRL47,1,"[19.7, nan]",2,"['Low Fat', 'LF']",1,['Hard Drinks']
DRL49,1,[13.15],1,['Low Fat'],1,['Soft Drinks']
DRL59,1,"[16.75, nan]",1,['Low Fat'],1,['Hard Drinks']
DRL60,1,"[8.52, nan]",2,"['Low Fat', 'LF']",1,['Soft Drinks']
DRM11,1,[6.57],1,['Low Fat'],1,['Hard Drinks']
DRM23,1,"[16.6, nan]",1,['Low Fat'],1,['Hard Drinks']
DRM35,1,"[9.695, nan]",2,"['Low Fat', 'LF']",1,['Hard Drinks']
DRM37,1,"[nan, 15.35]",2,"['Low Fat', 'LF']",1,['Soft Drinks']
DRM47,1,"[9.3, nan]",1,['Low Fat'],1,['Hard Drinks']
DRM48,1,"[nan, 15.2]",1,['Low Fat'],1,['Soft Drinks']
DRM49,1,[6.11],1,['Regular'],1,['Soft Drinks']
DRM59,1,"[nan, 5.88, nan]",2,"['Low Fat', 'LF']",1,['Hard Drinks']
DRN11,1,[7.85],1,['Low Fat'],1,['Hard Drinks']
DRN35,1,[8.01],1,['Low Fat'],1,['Hard Drinks']
DRN36,1,"[nan, 15.2]",1,['Low Fat'],1,['Soft Drinks']
DRN37,1,[9.6],3,"['Low Fat', 'LF', 'low fat']",1,['Soft Drinks']
DRN47,1,"[nan, 12.1]",1,['Low Fat'],1,['Hard Drinks']
DRN59,1,"[nan, 15.0]",1,['Low Fat'],1,['Hard Drinks']
DRO35,1,[13.85],2,"['Low Fat', 'LF']",1,['Hard Drinks']
DRO47,1,[10.195],1,['Low Fat'],1,['Hard Drinks']
DRO59,1,"[nan, 11.8]",1,['Low Fat'],1,['Hard Drinks']
DRP35,1,"[nan, 18.85]",1,['Low Fat'],1,['Hard Drinks']
DRP47,1,[15.75],1,['Low Fat'],1,['Hard Drinks']
DRQ35,1,"[9.3, nan]",2,"['Low Fat', 'low fat']",1,['Hard Drinks']
DRY23,1,"[9.395, nan]",1,['Regular'],1,['Soft Drinks']
DRZ11,1,"[8.85, nan]",1,['Regular'],1,['Soft Drinks']
DRZ24,1,"[nan, 7.535]",1,['Low Fat'],1,['Soft Drinks']
FDA01,1,"[nan, 15.0]",1,['Regular'],1,['Canned']
FDA02,1,"[14.0, nan]",1,['Regular'],1,['Dairy']
FDA03,1,"[18.5, nan]",1,['Regular'],1,['Dairy']
FDA04,1,"[nan, 11.3]",2,"['reg', 'Regular']",1,['Frozen Foods']
FDA07,1,"[nan, 7.55]",1,['Regular'],1,['Fruits and Vegetables']
FDA08,1,"[11.85, nan]",1,['Regular'],1,['Fruits and Vegetables']
FDA09,1,[13.35],1,['Regular'],1,['Snack Foods']
FDA10,1,"[20.35, nan, nan]",2,"['Low Fat', 'LF']",1,['Snack Foods']
FDA11,1,"[nan, 7.75]",3,"['Low Fat', 'LF', 'low fat']",1,['Baking Goods']
FDA13,1,"[nan, 15.85]",1,['Low Fat'],1,['Canned']
FDA14,1,"[16.1, nan]",1,['Low Fat'],1,['Dairy']
FDA15,1,"[9.3, nan]",2,"['Low Fat', 'LF']",1,['Dairy']
FDA16,1,"[nan, 6.695]",1,['Low Fat'],1,['Frozen Foods']
FDA19,1,"[nan, 7.52]",2,"['Low Fat', 'LF']",1,['Fruits and Vegetables']
FDA20,1,"[6.78, nan]",1,['Low Fat'],1,['Fruits and Vegetables']
FDA21,1,[13.65],1,['Low Fat'],1,['Snack Foods']
FDA22,1,"[nan, 7.435]",1,['Low Fat'],1,['Starchy Foods']
FDA23,1,"[9.8, nan]",2,"['Low Fat', 'LF']",1,['Baking Goods']
FDA25,1,[16.5],1,['Regular'],1,['Canned']
FDA26,1,"[nan, 7.855]",1,['Regular'],1,['Dairy']
FDA27,1,[20.35],1,['Regular'],1,['Dairy']
FDA28,1,"[16.1, nan]",1,['Regular'],1,['Frozen Foods']
FDA31,1,[7.1],2,"['Low Fat', 'LF']",1,['Fruits and Vegetables']
FDA32,1,"[nan, 14.0]",2,"['Low Fat', 'LF']",1,['Fruits and Vegetables']
FDA33,1,[6.48],2,"['Low Fat', 'LF']",1,['Snack Foods']
FDA34,1,"[11.5, nan]",1,['Low Fat'],1,['Starchy Foods']
FDA35,1,"[nan, 14.85]",1,['Regular'],1,['Baking Goods']
FDA36,1,"[5.985, nan]",1,['Low Fat'],1,['Baking Goods']
FDA37,1,[7.81],1,['Regular'],1,['Canned']
FDA38,1,"[nan, 5.44]",1,['Low Fat'],1,['Dairy']
FDA39,1,"[nan, 6.32]",2,"['Low Fat', 'LF']",1,['Meat']
FDA40,1,[16.0],1,['Regular'],1,['Frozen Foods']
FDA43,1,"[10.895, nan]",1,['Low Fat'],1,['Fruits and Vegetables']
FDA44,1,"[19.7, nan]",2,"['Low Fat', 'LF']",1,['Fruits and Vegetables']
FDA45,1,"[21.25, nan]",1,['Low Fat'],1,['Snack Foods']
FDA46,1,"[nan, 13.6]",2,"['Low Fat', 'low fat']",1,['Snack Foods']
FDA47,1,"[10.5, nan]",1,['Regular'],1,['Baking Goods']
FDA48,1,[12.1],1,['Low Fat'],1,['Baking Goods']
FDA49,1,"[nan, 19.7]",2,"['Low Fat', 'LF']",1,['Canned']
FDA50,1,"[16.25, nan]",2,"['Low Fat', 'LF']",1,['Dairy']
FDA51,1,"[8.05, nan]",1,['Regular'],1,['Dairy']
FDA52,1,"[16.2, nan]",2,"['reg', 'Regular']",1,['Frozen Foods']
FDA55,1,"[17.2, nan]",2,"['reg', 'Regular']",1,['Fruits and Vegetables']
FDA56,1,"[9.21, nan]",1,['Low Fat'],1,['Fruits and Vegetables']
FDA57,1,"[nan, 18.85]",2,"['Low Fat', 'LF']",1,['Snack Foods']
FDA58,1,[9.395],1,['Low Fat'],1,['Snack Foods']
FDB02,1,"[9.695, nan]",1,['Regular'],1,['Canned']
FDB03,1,[17.75],1,['Regular'],1,['Dairy']
FDB04,1,"[nan, 11.35]",1,['Regular'],1,['Dairy']
FDB05,1,"[nan, 5.155]",1,['Low Fat'],1,['Frozen Foods']
FDB08,1,"[nan, 6.055]",1,['Low Fat'],1,['Fruits and Vegetables']
FDB09,1,"[16.25, nan]",1,['Low Fat'],1,['Fruits and Vegetables']
FDB10,1,[10.0],1,['Low Fat'],1,['Snack Foods']
FDB11,1,[16.0],2,"['Low Fat', 'LF']",1,['Starchy Foods']
FDB12,1,[11.15],1,['Regular'],1,['Baking Goods']
FDB14,1,"[20.25, nan]",1,['Regular'],1,['Canned']
FDB15,1,[10.895],1,['Low Fat'],1,['Dairy']
FDB16,1,[8.21],1,['Low Fat'],1,['Dairy']
FDB17,1,"[13.15, nan]",1,['Low Fat'],1,['Frozen Foods']
FDB20,1,[7.72],2,"['Low Fat', 'LF']",1,['Fruits and Vegetables']
FDB21,1,"[nan, 7.475]",1,['Low Fat'],1,['Fruits and Vegetables']
FDB22,1,"[8.02, nan]",1,['Low Fat'],1,['Snack Foods']
FDB23,1,"[19.2, nan]",2,"['reg', 'Regular']",1,['Starchy Foods']
FDB26,1,"[nan, 14.0]",2,"['reg', 'Regular']",1,['Canned']
FDB27,1,"[nan, 7.575]",1,['Low Fat'],1,['Dairy']
FDB28,1,[6.615],1,['Low Fat'],1,['Dairy']
FDB29,1,[16.7],1,['Regular'],1,['Frozen Foods']
FDB32,1,"[20.6, nan]",1,['Low Fat'],1,['Fruits and Vegetables']
FDB33,1,"[nan, 17.75]",1,['Low Fat'],1,['Fruits and Vegetables']
FDB34,1,"[15.25, nan]",1,['Low Fat'],1,['Snack Foods']
FDB35,1,"[nan, 12.3]",1,['Regular'],1,['Starchy Foods']
FDB36,1,"[nan, 5.465]",1,['Regular'],1,['Baking Goods']
FDB37,1,"[nan, 20.25]",1,['Regular'],1,['Baking Goods']
FDB38,1,"[19.5, nan]",1,['Regular'],1,['Canned']
FDB39,1,"[nan, 11.6]",2,"['Low Fat', 'LF']",1,['Dairy']
FDB40,1,"[17.5, nan]",1,['Regular'],1,['Dairy']
FDB41,1,"[nan, 19.0]",1,['Regular'],1,['Frozen Foods']
FDB44,1,"[nan, 6.655]",1,['Low Fat'],1,['Fruits and Vegetables']
FDB45,1,"[nan, 20.85]",2,"['Low Fat', 'LF']",1,['Fruits and Vegetables']
FDB46,1,[10.5],1,['Regular'],1,['Snack Foods']
FDB47,1,[8.8],1,['Low Fat'],1,['Snack Foods']
FDB49,1,"[8.3, nan]",1,['Regular'],1,['Baking Goods']
FDB50,1,[13.0],2,"['Low Fat', 'LF']",1,['Canned']
FDB51,1,[6.92],2,"['Low Fat', 'LF']",1,['Dairy']
FDB52,1,"[17.75, nan]",2,"['Low Fat', 'low fat']",1,['Dairy']
FDB53,1,"[13.35, nan]",1,['Low Fat'],1,['Frozen Foods']
FDB56,1,"[8.75, nan]",1,['Regular'],1,['Fruits and Vegetables']
FDB57,1,"[20.25, nan]",2,"['reg', 'Regular']",1,['Fruits and Vegetables']
FDB58,1,"[nan, 10.5]",2,"['reg', 'Regular']",1,['Snack Foods']
FDB59,1,"[nan, 18.25]",1,['Low Fat'],1,['Snack Foods']
FDB60,1,[9.3],2,"['Low Fat', 'low fat']",1,['Baking Goods']
FDC02,1,"[nan, 21.35]",1,['Low Fat'],1,['Canned']
FDC03,1,[8.575],2,"['reg', 'Regular']",1,['Dairy']
FDC04,1,"[15.6, nan]",1,['Low Fat'],1,['Dairy']
FDC05,1,[13.1],1,['Regular'],1,['Frozen Foods']
FDC08,1,"[19.0, nan]",1,['Regular'],1,['Fruits and Vegetables']
FDC09,1,[15.5],1,['Regular'],1,['Fruits and Vegetables']
FDC10,1,"[nan, 9.8]",2,"['reg', 'Regular']",1,['Snack Foods']
FDC11,1,"[20.5, nan]",2,"['Low Fat', 'LF']",1,['Starchy Foods']
FDC14,1,"[nan, 14.5]",1,['Regular'],1,['Canned']
FDC15,1,[18.1],2,"['Low Fat', 'LF']",1,['Dairy']
FDC16,1,"[11.5, nan]",1,['Regular'],1,['Dairy']
FDC17,1,"[12.15, nan]",2,"['Low Fat', 'LF']",1,['Frozen Foods']
FDC20,1,"[10.65, nan]",3,"['Low Fat', 'LF', 'low fat']",1,['Fruits and Vegetables']
FDC21,1,"[nan, 14.6]",1,['Regular'],1,['Fruits and Vegetables']
FDC22,1,[6.89],1,['Regular'],1,['Snack Foods']
FDC23,1,[18.0],1,['Low Fat'],1,['Starchy Foods']
FDC26,1,[10.195],1,['Low Fat'],1,['Canned']
FDC28,1,"[7.905, nan]",1,['Low Fat'],1,['Frozen Foods']
FDC29,1,"[8.39, nan]",2,"['reg', 'Regular']",1,['Frozen Foods']
FDC32,1,"[18.35, nan]",1,['Low Fat'],1,['Fruits and Vegetables']
FDC33,1,"[8.96, nan]",1,['Regular'],1,['Fruits and Vegetables']
FDC34,1,"[16.0, nan]",1,['Regular'],1,['Snack Foods']
FDC35,1,"[nan, 7.435]",1,['Low Fat'],1,['Starchy Foods']
FDC37,1,"[15.5, nan]",1,['Low Fat'],1,['Baking Goods']
FDC38,1,[15.7],1,['Low Fat'],1,['Canned']
FDC39,1,[7.405],1,['Low Fat'],1,['Dairy']
FDC40,1,[16.0],1,['Regular'],1,['Dairy']
FDC41,1,"[nan, 15.6]",1,['Low Fat'],1,['Frozen Foods']
FDC44,1,"[nan, 15.6]",1,['Low Fat'],1,['Fruits and Vegetables']
FDC45,1,"[17.0, nan]",1,['Low Fat'],1,['Fruits and Vegetables']
FDC46,1,"[17.7, nan]",2,"['Low Fat', 'LF']",1,['Snack Foods']
FDC47,1,"[nan, 15.0]",1,['Low Fat'],1,['Snack Foods']
FDC48,1,"[9.195, nan]",1,['Low Fat'],1,['Baking Goods']
FDC50,1,"[nan, 15.85]",1,['Low Fat'],1,['Canned']
FDC51,1,[10.895],1,['Regular'],1,['Dairy']
FDC52,1,"[nan, 11.15]",1,['Regular'],1,['Dairy']
FDC53,1,"[8.68, nan]",1,['Low Fat'],1,['Frozen Foods']
FDC56,1,[7.72],1,['Low Fat'],1,['Fruits and Vegetables']
FDC57,1,"[20.1, nan]",1,['Regular'],1,['Fruits and Vegetables']
FDC58,1,"[nan, 10.195]",1,['Low Fat'],1,['Snack Foods']
FDC59,1,"[16.7, nan]",2,"['reg', 'Regular']",1,['Starchy Foods']
FDC60,1,"[5.425, nan]",1,['Regular'],1,['Baking Goods']
FDD02,1,[16.6],2,"['Low Fat', 'LF']",1,['Canned']
FDD03,1,[13.3],1,['Low Fat'],1,['Dairy']
FDD04,1,"[16.0, nan]",1,['Low Fat'],1,['Dairy']
FDD05,1,"[19.35, nan]",1,['Low Fat'],1,['Frozen Foods']
FDD08,1,"[8.3, nan]",1,['Low Fat'],1,['Fruits and Vegetables']
FDD09,1,"[nan, 13.5]",2,"['Low Fat', 'low fat']",1,['Fruits and Vegetables']
FDD10,1,"[20.6, nan]",2,"['reg', 'Regular']",1,['Snack Foods']
FDD11,1,"[nan, 12.85]",2,"['Low Fat', 'LF']",1,['Starchy Foods']
FDD14,1,"[nan, 20.7]",2,"['Low Fat', 'LF']",1,['Canned']
FDD16,1,"[20.5, nan]",1,['Low Fat'],1,['Frozen Foods']
FDD17,1,[7.5],2,"['Low Fat', 'LF']",1,['Frozen Foods']
FDD20,1,"[nan, 14.15]",2,"['Low Fat', 'LF']",1,['Fruits and Vegetables']
FDD21,1,[10.3],1,['Regular'],1,['Fruits and Vegetables']
FDD22,1,[10.0],1,['Low Fat'],1,['Snack Foods']
FDD23,1,[9.5],1,['Regular'],1,['Starchy Foods']
FDD26,1,"[8.71, nan]",1,['Regular'],1,['Canned']
FDD28,1,"[nan, 10.695]",1,['Low Fat'],1,['Frozen Foods']
FDD29,1,"[12.15, nan]",1,['Low Fat'],1,['Frozen Foods']
FDD32,1,[17.7],2,"['reg', 'Regular']",1,['Fruits and Vegetables']
FDD33,1,"[nan, 12.85]",1,['Low Fat'],1,['Fruits and Vegetables']
FDD34,1,[7.945],1,['Low Fat'],1,['Snack Foods']
FDD35,1,"[nan, 12.15]",2,"['Low Fat', 'LF']",1,['Starchy Foods']
FDD36,1,"[nan, 13.3]",2,"['Low Fat', 'LF']",1,['Baking Goods']
FDD38,1,"[16.75, nan, nan]",2,"['reg', 'Regular']",1,['Canned']
FDD39,1,"[16.7, nan]",2,"['Low Fat', 'low fat']",1,['Dairy']
FDD40,1,"[20.25, nan]",1,['Regular'],1,['Dairy']
FDD41,1,"[nan, 6.765]",1,['Regular'],1,['Frozen Foods']
FDD44,1,[8.05],1,['Regular'],1,['Fruits and Vegetables']
FDD45,1,[8.615],2,"['Low Fat', 'low fat']",1,['Fruits and Vegetables']
FDD46,1,"[6.035, nan]",3,"['Low Fat', 'LF', 'low fat']",1,['Snack Foods']
FDD47,1,[7.6],2,"['reg', 'Regular']",1,['Starchy Foods']
FDD48,1,[10.395],1,['Low Fat'],1,['Baking Goods']
FDD50,1,"[nan, 18.85]",1,['Low Fat'],1,['Canned']
FDD51,1,"[11.15, nan, nan]",3,"['Low Fat', 'LF', 'low fat']",1,['Dairy']
FDD52,1,"[nan, 18.25]",1,['Regular'],1,['Dairy']
FDD53,1,"[16.2, nan]",1,['Low Fat'],1,['Frozen Foods']
FDD56,1,[15.2],1,['Regular'],1,['Fruits and Vegetables']
FDD57,1,"[18.1, nan]",3,"['Low Fat', 'LF', 'low fat']",1,['Fruits and Vegetables']
FDD58,1,"[nan, 7.76]",2,"['Low Fat', 'LF']",1,['Snack Foods']
FDD59,1,"[10.5, nan]",1,['Regular'],1,['Starchy Foods']
FDE02,1,"[8.71, nan]",2,"['Low Fat', 'low fat']",1,['Canned']
FDE04,1,[19.75],1,['Regular'],1,['Frozen Foods']
FDE05,1,"[10.895, nan]",1,['Regular'],1,['Frozen Foods']
FDE08,1,"[18.2, nan]",1,['Low Fat'],1,['Fruits and Vegetables']
FDE09,1,"[8.775, nan]",1,['Low Fat'],1,['Fruits and Vegetables']
FDE10,1,"[nan, 6.67]",1,['Regular'],1,['Snack Foods']
FDE11,1,"[17.7, nan]",1,['Regular'],1,['Starchy Foods']
FDE14,1,[13.65],1,['Regular'],1,['Canned']
FDE16,1,"[8.895, nan]",1,['Low Fat'],1,['Frozen Foods']
FDE17,1,[20.1],1,['Regular'],1,['Frozen Foods']
FDE20,1,[11.35],1,['Regular'],1,['Fruits and Vegetables']
FDE21,1,"[12.8, nan]",1,['Low Fat'],1,['Fruits and Vegetables']
FDE22,1,"[9.695, nan]",1,['Low Fat'],1,['Snack Foods']
FDE23,1,[17.6],1,['Regular'],1,['Starchy Foods']
FDE24,1,"[nan, 14.85]",1,['Low Fat'],1,['Baking Goods']
FDE26,1,[9.3],1,['Low Fat'],1,['Canned']
FDE28,1,"[9.5, nan]",1,['Regular'],1,['Frozen Foods']
FDE29,1,"[8.905, nan]",2,"['Low Fat', 'LF']",1,['Frozen Foods']
FDE32,1,"[20.7, nan]",1,['Low Fat'],1,['Fruits and Vegetables']
FDE33,1,"[nan, 19.35]",2,"['reg', 'Regular']",1,['Fruits and Vegetables']
FDE34,1,[9.195],1,['Low Fat'],1,['Snack Foods']
FDE35,1,"[nan, 7.06]",2,"['reg', 'Regular']",1,['Starchy Foods']
FDE36,1,"[nan, 5.26]",1,['Regular'],1,['Baking Goods']
FDE38,1,"[nan, 6.52]",1,['Low Fat'],1,['Canned']
FDE39,1,[7.89],1,['Low Fat'],1,['Dairy']
FDE40,1,"[15.6, nan]",1,['Regular'],1,['Dairy']
FDE41,1,"[9.195, nan]",2,"['reg', 'Regular']",1,['Frozen Foods']
FDE44,1,[14.65],1,['Low Fat'],1,['Fruits and Vegetables']
FDE45,1,"[nan, 12.1]",1,['Low Fat'],1,['Fruits and Vegetables']
FDE46,1,"[18.6, nan]",1,['Low Fat'],1,['Snack Foods']
FDE47,1,[14.15],2,"['Low Fat', 'low fat']",1,['Starchy Foods']
FDE50,1,"[nan, 19.7]",1,['Regular'],1,['Canned']
FDE51,1,"[5.925, nan]",1,['Regular'],1,['Dairy']
FDE52,0,[nan],1,['Regular'],1,['Dairy']
FDE53,1,"[10.895, nan]",2,"['Low Fat', 'LF']",1,['Frozen Foods']
FDE56,1,"[nan, 17.25]",1,['Regular'],1,['Fruits and Vegetables']
FDE57,1,"[9.6, nan]",1,['Low Fat'],1,['Fruits and Vegetables']
FDE58,1,"[nan, 18.5]",2,"['Low Fat', 'LF']",1,['Snack Foods']
FDE59,1,[12.15],2,"['Low Fat', 'LF']",1,['Starchy Foods']
FDF02,1,[16.2],1,['Low Fat'],1,['Canned']
FDF04,1,"[nan, 17.5]",2,"['Low Fat', 'LF']",1,['Frozen Foods']
FDF05,1,"[17.5, nan]",1,['Low Fat'],1,['Frozen Foods']
FDF08,1,[14.3],1,['Regular'],1,['Fruits and Vegetables']
FDF09,1,"[nan, 6.215]",1,['Low Fat'],1,['Fruits and Vegetables']
FDF10,1,[15.5],2,"['reg', 'Regular']",1,['Snack Foods']
FDF11,1,[10.195],2,"['reg', 'Regular']",1,['Starchy Foods']
FDF12,1,"[8.235, nan]",1,['Low Fat'],1,['Baking Goods']
FDF14,1,[7.55],1,['Low Fat'],1,['Canned']
FDF16,1,"[nan, 7.3]",1,['Low Fat'],1,['Frozen Foods']
FDF17,1,[5.19],1,['Low Fat'],1,['Frozen Foods']
FDF20,1,"[12.85, nan]",2,"['Low Fat', 'low fat']",1,['Fruits and Vegetables']
FDF21,1,"[10.3, nan]",1,['Regular'],1,['Fruits and Vegetables']
FDF22,1,[6.865],1,['Low Fat'],1,['Snack Foods']
FDF24,1,"[nan, 15.5]",2,"['reg', 'Regular']",1,['Baking Goods']
FDF26,1,"[nan, 6.825]",1,['Regular'],1,['Canned']
FDF28,1,"[nan, 15.7]",1,['Regular'],1,['Frozen Foods']
FDF29,1,"[nan, 15.1]",1,['Regular'],1,['Frozen Foods']
FDF32,1,[16.35],1,['Low Fat'],1,['Fruits and Vegetables']
FDF33,1,"[nan, 7.97]",2,"['Low Fat', 'LF']",1,['Seafood']
FDF34,1,"[9.3, nan]",1,['Regular'],1,['Snack Foods']
FDF35,1,[15.0],1,['Low Fat'],1,['Starchy Foods']
FDF38,1,[11.8],1,['Regular'],1,['Canned']
FDF39,1,[14.85],1,['Regular'],1,['Dairy']
FDF40,1,"[nan, 20.25]",1,['Regular'],1,['Dairy']
FDF41,1,"[12.15, nan]",1,['Low Fat'],1,['Frozen Foods']
FDF44,1,"[nan, 7.17]",1,['Regular'],1,['Fruits and Vegetables']
FDF45,1,[18.2],2,"['reg', 'Regular']",1,['Fruits and Vegetables']
FDF46,1,"[nan, 7.07]",1,['Low Fat'],1,['Snack Foods']
FDF47,1,[20.85],1,['Low Fat'],1,['Starchy Foods']
FDF50,1,"[4.905, nan]",1,['Low Fat'],1,['Canned']
FDF52,1,"[9.3, nan]",2,"['Low Fat', 'LF']",1,['Frozen Foods']
FDF53,1,[20.75],2,"['reg', 'Regular']",1,['Frozen Foods']
FDF56,1,"[16.7, nan]",2,"['reg', 'Regular']",1,['Fruits and Vegetables']
FDF57,1,"[nan, 14.5]",2,"['reg', 'Regular']",1,['Fruits and Vegetables']
FDF58,1,"[nan, 13.3]",2,"['Low Fat', 'LF']",1,['Snack Foods']
FDF59,1,[12.5],2,"['Low Fat', 'LF']",1,['Starchy Foods']
FDG02,1,"[nan, 7.855]",1,['Low Fat'],1,['Canned']
FDG04,1,"[13.1, nan]",1,['Low Fat'],1,['Frozen Foods']
FDG05,1,"[nan, 11.0]",1,['Regular'],1,['Frozen Foods']
FDG08,1,"[nan, 13.15]",1,['Regular'],1,['Fruits and Vegetables']
FDG09,1,"[20.6, nan]",1,['Regular'],1,['Fruits and Vegetables']
FDG10,1,"[nan, 6.63]",1,['Regular'],1,['Snack Foods']
FDG12,1,"[nan, 6.635]",1,['Regular'],1,['Baking Goods']
FDG14,1,"[9.0, nan]",2,"['reg', 'Regular']",1,['Canned']
FDG16,1,"[nan, 15.25]",1,['Low Fat'],1,['Frozen Foods']
FDG17,1,"[nan, 6.865]",1,['Regular'],1,['Frozen Foods']
FDG20,1,[15.5],1,['Regular'],1,['Fruits and Vegetables']
FDG21,1,"[17.35, nan]",1,['Regular'],1,['Seafood']
FDG22,1,"[17.6, nan]",1,['Regular'],1,['Snack Foods']
FDG24,1,"[nan, 7.975]",2,"['Low Fat', 'LF']",1,['Baking Goods']
FDG26,1,[18.85],2,"['Low Fat', 'low fat']",1,['Canned']
FDG28,1,[9.285],1,['Regular'],1,['Frozen Foods']
FDG29,1,"[17.6, nan]",1,['Low Fat'],1,['Frozen Foods']
FDG31,1,"[12.15, nan]",1,['Low Fat'],1,['Meat']
FDG32,1,"[nan, 19.85, nan]",3,"['Low Fat', 'LF', 'low fat']",1,['Fruits and Vegetables']
FDG33,1,"[5.365, nan]",1,['Regular'],1,['Seafood']
FDG34,1,"[11.5, nan]",1,['Regular'],1,['Snack Foods']
FDG35,1,"[nan, nan, 21.2]",2,"['reg', 'Regular']",1,['Starchy Foods']
FDG38,1,"[8.975, nan]",1,['Regular'],1,['Canned']
FDG40,1,"[13.65, nan]",1,['Low Fat'],1,['Frozen Foods']
FDG41,1,[8.84],1,['Regular'],1,['Frozen Foods']
FDG44,1,"[nan, 6.13]",1,['Low Fat'],1,['Fruits and Vegetables']
FDG45,1,[8.1],1,['Low Fat'],1,['Fruits and Vegetables']
FDG46,1,"[8.63, nan]",1,['Regular'],1,['Snack Foods']
FDG47,1,[12.8],1,['Low Fat'],1,['Starchy Foods']
FDG50,1,[7.405],1,['Low Fat'],1,['Canned']
FDG52,1,"[nan, 13.65]",1,['Low Fat'],1,['Frozen Foods']
FDG53,1,[10.0],1,['Low Fat'],1,['Frozen Foods']
FDG56,1,"[nan, 13.3]",2,"['reg', 'Regular']",1,['Fruits and Vegetables']
FDG57,1,[14.7],1,['Low Fat'],1,['Fruits and Vegetables']
FDG58,1,[10.695],1,['Regular'],1,['Snack Foods']
FDG59,1,"[nan, 15.85]",1,['Low Fat'],1,['Starchy Foods']
FDG60,1,"[20.35, nan]",1,['Low Fat'],1,['Baking Goods']
FDH02,1,"[nan, 7.27]",1,['Regular'],1,['Canned']
FDH04,1,"[nan, 6.115]",1,['Regular'],1,['Frozen Foods']
FDH05,1,"[nan, 14.35]",2,"['reg', 'Regular']",1,['Frozen Foods']
FDH08,1,"[nan, 7.51]",1,['Low Fat'],1,['Fruits and Vegetables']
FDH09,1,"[nan, 12.6]",1,['Low Fat'],1,['Seafood']
FDH10,1,"[21.0, nan]",1,['Low Fat'],1,['Snack Foods']
FDH12,1,"[9.6, nan]",1,['Low Fat'],1,['Baking Goods']
FDH14,1,"[17.1, nan]",1,['Regular'],1,['Canned']
FDH16,1,"[nan, 10.5]",1,['Low Fat'],1,['Frozen Foods']
FDH17,1,"[16.2, nan]",1,['Regular'],1,['Frozen Foods']
FDH19,1,"[nan, 19.35]",1,['Low Fat'],1,['Meat']
FDH20,1,[16.1],1,['Regular'],1,['Fruits and Vegetables']
FDH21,1,"[10.395, nan]",2,"['Low Fat', 'LF']",1,['Seafood']
FDH22,1,[6.405],1,['Low Fat'],1,['Snack Foods']
FDH24,1,[20.7],1,['Low Fat'],1,['Baking Goods']
FDH26,1,"[19.25, nan]",2,"['reg', 'Regular']",1,['Canned']
FDH27,1,"[nan, 7.075]",1,['Low Fat'],1,['Dairy']
FDH28,1,"[nan, nan, 15.85]",2,"['reg', 'Regular']",1,['Frozen Foods']
FDH31,1,"[12.0, nan]",1,['Regular'],1,['Meat']
FDH32,1,"[nan, 12.8]",1,['Low Fat'],1,['Fruits and Vegetables']
FDH33,1,"[nan, 12.85, nan]",2,"['Low Fat', 'LF']",1,['Snack Foods']
FDH34,1,"[8.63, nan]",1,['Low Fat'],1,['Snack Foods']
FDH35,1,"[18.25, nan]",1,['Low Fat'],1,['Starchy Foods']
FDH38,1,"[6.425, nan]",1,['Low Fat'],1,['Canned']
FDH40,1,"[11.6, nan]",1,['Regular'],1,['Frozen Foods']
FDH41,1,"[9.0, nan, nan]",2,"['Low Fat', 'LF']",1,['Frozen Foods']
FDH44,1,[19.1],2,"['reg', 'Regular']",1,['Fruits and Vegetables']
FDH45,1,"[nan, 15.1]",2,"['reg', 'Regular']",1,['Fruits and Vegetables']
FDH46,1,[6.935],1,['Regular'],1,['Snack Foods']
FDH47,1,[13.5],2,"['reg', 'Regular']",1,['Starchy Foods']
FDH48,1,"[13.5, nan]",1,['Low Fat'],1,['Baking Goods']
FDH50,1,"[nan, 15.0]",1,['Regular'],1,['Canned']
FDH52,1,"[nan, 9.42]",1,['Regular'],1,['Frozen Foods']
FDH53,1,[20.5],1,['Regular'],1,['Frozen Foods']
FDH56,1,"[9.8, nan]",1,['Regular'],1,['Fruits and Vegetables']
FDH57,1,"[10.895, nan]",2,"['Low Fat', 'LF']",1,['Fruits and Vegetables']
FDH58,1,[12.3],2,"['Low Fat', 'low fat']",1,['Snack Foods']
FDH60,1,"[19.7, nan]",2,"['reg', 'Regular']",1,['Baking Goods']
FDI02,1,[15.7],1,['Regular'],1,['Canned']
FDI04,1,"[13.65, nan]",2,"['reg', 'Regular']",1,['Frozen Foods']
FDI05,1,[8.35],1,['Regular'],1,['Frozen Foods']
FDI07,1,"[12.35, nan]",2,"['reg', 'Regular']",1,['Meat']
FDI08,1,[18.2],2,"['reg', 'Regular']",1,['Fruits and Vegetables']
FDI09,1,[20.75],1,['Regular'],1,['Seafood']
FDI10,1,"[8.51, nan]",2,"['reg', 'Regular']",1,['Snack Foods']
FDI12,1,[9.395],1,['Regular'],1,['Baking Goods']
FDI14,1,"[nan, 14.1]",2,"['Low Fat', 'LF']",1,['Canned']
FDI15,1,"[13.8, nan]",1,['Low Fat'],1,['Dairy']
FDI16,1,"[nan, 14.0]",2,"['reg', 'Regular']",1,['Frozen Foods']
FDI19,1,"[nan, 15.1]",2,"['Low Fat', 'low fat']",1,['Meat']
FDI20,1,"[19.1, nan, nan]",2,"['Low Fat', 'LF']",1,['Fruits and Vegetables']
FDI21,1,"[nan, 5.59]",1,['Regular'],1,['Snack Foods']
FDI22,1,"[12.6, nan]",1,['Low Fat'],1,['Snack Foods']
FDI24,1,"[10.3, nan]",1,['Low Fat'],1,['Baking Goods']
FDI26,1,"[5.94, nan]",1,['Low Fat'],1,['Canned']
FDI27,1,"[8.71, nan]",1,['Regular'],1,['Dairy']
FDI28,1,"[14.3, nan]",1,['Low Fat'],1,['Frozen Foods']
FDI32,1,"[17.7, nan]",1,['Low Fat'],1,['Fruits and Vegetables']
FDI33,1,"[16.5, nan]",1,['Low Fat'],1,['Snack Foods']
FDI34,1,[10.65],2,"['reg', 'Regular']",1,['Snack Foods']
FDI35,1,[14.0],1,['Low Fat'],1,['Starchy Foods']
FDI36,1,[12.5],1,['Regular'],1,['Baking Goods']
FDI38,1,[13.35],1,['Regular'],1,['Canned']
FDI40,1,[11.5],2,"['reg', 'Regular']",1,['Frozen Foods']
FDI41,1,"[18.5, nan]",2,"['reg', 'Regular']",1,['Frozen Foods']
FDI44,1,"[16.1, nan]",2,"['Low Fat', 'LF']",1,['Fruits and Vegetables']
FDI45,1,[13.1],2,"['Low Fat', 'LF']",1,['Fruits and Vegetables']
FDI46,1,"[9.5, nan]",1,['Low Fat'],1,['Snack Foods']
FDI48,1,[11.85],1,['Regular'],1,['Baking Goods']
FDI50,1,"[8.42, nan]",1,['Regular'],1,['Canned']
FDI52,1,[18.7],1,['Low Fat'],1,['Frozen Foods']
FDI53,1,[8.895],1,['Regular'],1,['Frozen Foods']
FDI56,1,"[nan, 7.325]",1,['Low Fat'],1,['Fruits and Vegetables']
FDI57,1,"[nan, 19.85]",1,['Low Fat'],1,['Seafood']
FDI58,1,[7.64],1,['Regular'],1,['Snack Foods']
FDI60,1,[7.22],1,['Regular'],1,['Baking Goods']
FDJ02,1,"[17.2, nan]",1,['Regular'],1,['Canned']
FDJ03,1,[12.35],1,['Regular'],1,['Dairy']
FDJ04,1,[18.0],1,['Low Fat'],1,['Frozen Foods']
FDJ07,1,"[nan, 7.26]",1,['Low Fat'],1,['Meat']
FDJ08,1,"[11.1, nan]",1,['Low Fat'],1,['Fruits and Vegetables']
FDJ09,1,[15.0],2,"['Low Fat', 'low fat']",1,['Snack Foods']
FDJ10,1,"[nan, 5.095]",1,['Regular'],1,['Snack Foods']
FDJ12,1,[8.895],1,['Regular'],1,['Baking Goods']
FDJ14,1,"[nan, 10.3]",1,['Regular'],1,['Canned']
FDJ15,1,"[11.35, nan]",1,['Regular'],1,['Dairy']
FDJ16,1,[9.195],2,"['Low Fat', 'LF']",1,['Frozen Foods']
FDJ20,1,[20.7],1,['Regular'],1,['Fruits and Vegetables']
FDJ21,1,"[16.7, nan]",1,['Regular'],1,['Snack Foods']
FDJ22,1,"[18.75, nan]",2,"['Low Fat', 'low fat']",1,['Snack Foods']
FDJ26,1,"[nan, 15.3]",1,['Regular'],1,['Canned']
FDJ27,1,[17.7],1,['Regular'],1,['Meat']
FDJ28,1,"[nan, 12.3]",1,['Low Fat'],1,['Frozen Foods']
FDJ32,1,"[10.695, nan]",2,"['Low Fat', 'LF']",1,['Fruits and Vegetables']
FDJ33,1,"[8.895, nan]",1,['Regular'],1,['Snack Foods']
FDJ34,1,"[11.8, nan]",1,['Regular'],1,['Snack Foods']
FDJ36,1,"[nan, 14.5]",1,['Regular'],1,['Baking Goods']
FDJ38,1,[8.6],1,['Regular'],1,['Canned']
FDJ40,1,"[13.6, nan]",1,['Regular'],1,['Frozen Foods']
FDJ41,1,[6.85],2,"['Low Fat', 'LF']",1,['Frozen Foods']
FDJ44,1,"[12.3, nan]",1,['Regular'],1,['Fruits and Vegetables']
FDJ45,1,"[nan, 17.75]",3,"['Low Fat', 'LF', 'low fat']",1,['Seafood']
FDJ46,1,"[11.1, nan]",1,['Low Fat'],1,['Snack Foods']
FDJ48,1,"[11.3, nan]",2,"['Low Fat', 'LF']",1,['Baking Goods']
FDJ50,1,[8.645],1,['Low Fat'],1,['Canned']
FDJ52,1,[7.145],1,['Low Fat'],1,['Frozen Foods']
FDJ53,1,"[10.5, nan]",1,['Low Fat'],1,['Frozen Foods']
FDJ55,1,"[12.8, nan]",1,['Regular'],1,['Meat']
FDJ56,1,"[8.985, nan]",2,"['Low Fat', 'LF']",1,['Fruits and Vegetables']
FDJ57,1,"[nan, 7.42]",1,['Regular'],1,['Seafood']
FDJ58,1,"[nan, 15.6]",1,['Regular'],1,['Snack Foods']
FDJ60,1,[19.35],1,['Regular'],1,['Baking Goods']
FDK02,1,"[nan, 12.5]",1,['Low Fat'],1,['Canned']
FDK03,1,"[12.6, nan]",1,['Regular'],1,['Dairy']
FDK04,1,"[nan, 7.36]",1,['Low Fat'],1,['Frozen Foods']
FDK08,1,"[nan, 9.195]",1,['Regular'],1,['Fruits and Vegetables']
FDK09,1,"[nan, 15.2]",1,['Low Fat'],1,['Snack Foods']
FDK10,1,"[nan, 5.785]",1,['Regular'],1,['Snack Foods']
FDK14,1,[6.98],2,"['Low Fat', 'LF']",1,['Canned']
FDK15,1,"[10.8, nan]",1,['Low Fat'],1,['Meat']
FDK16,1,"[9.065, nan]",1,['Low Fat'],1,['Frozen Foods']
FDK20,1,"[nan, 12.6]",1,['Regular'],1,['Fruits and Vegetables']
FDK21,1,[7.905],1,['Low Fat'],1,['Snack Foods']
FDK22,1,"[9.8, nan]",1,['Low Fat'],1,['Snack Foods']
FDK24,1,"[9.195, nan]",1,['Low Fat'],1,['Baking Goods']
FDK25,1,"[nan, 11.6]",1,['Regular'],1,['Breakfast']
FDK26,1,"[nan, 5.46]",2,"['reg', 'Regular']",1,['Canned']
FDK27,1,"[nan, 11.0]",1,['Low Fat'],1,['Meat']
FDK28,1,"[nan, 5.695]",1,['Low Fat'],1,['Frozen Foods']
FDK32,1,"[16.25, nan]",1,['Regular'],1,['Fruits and Vegetables']
FDK33,1,"[17.85, nan]",1,['Low Fat'],1,['Snack Foods']
FDK34,1,"[nan, 13.35]",1,['Low Fat'],1,['Snack Foods']
FDK36,1,"[nan, 7.09]",2,"['Low Fat', 'LF']",1,['Baking Goods']
FDK38,1,"[nan, 6.65]",2,"['Low Fat', 'low fat']",1,['Canned']
FDK40,1,"[nan, 7.035]",2,"['Low Fat', 'LF']",1,['Frozen Foods']
FDK41,1,"[14.3, nan]",2,"['Low Fat', 'LF']",1,['Frozen Foods']
FDK43,1,"[9.8, nan]",1,['Low Fat'],1,['Meat']
FDK44,1,"[16.6, nan]",1,['Low Fat'],1,['Fruits and Vegetables']
FDK45,1,"[11.65, nan]",2,"['Low Fat', 'LF']",1,['Seafood']
FDK46,1,[9.6],1,['Low Fat'],1,['Snack Foods']
FDK48,1,"[nan, 7.445]",2,"['Low Fat', 'low fat']",1,['Baking Goods']
FDK50,1,[7.96],1,['Low Fat'],1,['Canned']
FDK51,1,"[nan, 19.85]",1,['Low Fat'],1,['Dairy']
FDK52,1,"[18.25, nan]",2,"['Low Fat', 'LF']",1,['Frozen Foods']
FDK55,1,"[18.5, nan]",1,['Low Fat'],1,['Meat']
FDK56,1,[9.695],1,['Low Fat'],1,['Fruits and Vegetables']
FDK57,0,[nan],1,['Low Fat'],1,['Snack Foods']
FDK58,1,"[nan, 11.35]",1,['Regular'],1,['Snack Foods']
FDK60,1,[16.5],1,['Regular'],1,['Baking Goods']
FDL02,1,"[20.0, nan]",1,['Regular'],1,['Canned']
FDL03,1,"[19.25, nan]",1,['Regular'],1,['Meat']
FDL04,1,"[19.0, nan]",1,['Low Fat'],1,['Frozen Foods']
FDL08,1,"[10.8, nan]",1,['Low Fat'],1,['Fruits and Vegetables']
FDL09,1,"[19.6, nan]",1,['Regular'],1,['Snack Foods']
FDL10,1,"[8.395, nan]",1,['Low Fat'],1,['Snack Foods']
FDL12,1,"[nan, 15.85]",1,['Regular'],1,['Baking Goods']
FDL13,1,"[nan, 13.85]",1,['Regular'],1,['Breakfast']
FDL14,1,[8.115],2,"['reg', 'Regular']",1,['Canned']
FDL15,1,"[17.85, nan]",1,['Low Fat'],1,['Meat']
FDL16,1,"[12.85, nan]",1,['Low Fat'],1,['Frozen Foods']
FDL20,1,"[17.1, nan]",1,['Low Fat'],1,['Fruits and Vegetables']
FDL21,1,"[nan, 15.85]",1,['Regular'],1,['Snack Foods']
FDL22,1,"[16.85, nan]",2,"['Low Fat', 'low fat']",1,['Snack Foods']
FDL24,1,"[nan, 10.3]",1,['Regular'],1,['Baking Goods']
FDL25,1,[6.92],1,['Regular'],1,['Breakfast']
FDL26,1,"[18.0, nan]",1,['Low Fat'],1,['Canned']
FDL27,1,[6.17],1,['Low Fat'],1,['Meat']
FDL28,1,"[nan, 10.0]",1,['Regular'],1,['Frozen Foods']
FDL32,1,"[nan, 15.7]",1,['Regular'],1,['Fruits and Vegetables']
FDL33,1,"[nan, 7.235]",1,['Low Fat'],1,['Snack Foods']
FDL34,1,"[16.0, nan]",1,['Low Fat'],1,['Snack Foods']
FDL36,1,"[nan, 15.1]",1,['Low Fat'],1,['Baking Goods']
FDL38,1,"[13.8, nan]",2,"['reg', 'Regular']",1,['Canned']
FDL39,1,"[16.1, nan]",1,['Regular'],1,['Dairy']
FDL40,1,"[17.7, nan]",1,['Low Fat'],1,['Frozen Foods']
FDL43,1,"[nan, 10.1]",1,['Low Fat'],1,['Meat']
FDL44,1,"[18.25, nan]",1,['Low Fat'],1,['Fruits and Vegetables']
FDL45,1,"[nan, 15.6]",1,['Low Fat'],1,['Snack Foods']
FDL46,1,"[nan, 20.35]",2,"['Low Fat', 'low fat']",1,['Snack Foods']
FDL48,1,"[19.35, nan]",2,"['reg', 'Regular']",1,['Baking Goods']
FDL50,1,[12.15],1,['Regular'],1,['Canned']
FDL51,1,[20.7],1,['Regular'],1,['Dairy']
FDL52,1,"[nan, 6.635]",2,"['reg', 'Regular']",1,['Frozen Foods']
FDL56,1,"[nan, 14.1]",1,['Low Fat'],1,['Fruits and Vegetables']
FDL57,1,"[nan, 15.1]",1,['Regular'],1,['Snack Foods']
FDL58,1,[5.78],1,['Regular'],1,['Snack Foods']
FDM01,1,"[nan, 7.895]",2,"['reg', 'Regular']",1,['Breakfast']
FDM02,1,[12.5],1,['Regular'],1,['Canned']
FDM03,1,"[12.65, nan]",1,['Low Fat'],1,['Meat']
FDM04,1,[9.195],1,['Regular'],1,['Frozen Foods']
FDM08,1,[10.1],2,"['reg', 'Regular']",1,['Fruits and Vegetables']
FDM09,1,[11.15],1,['Regular'],1,['Snack Foods']
FDM10,1,"[18.25, nan]",1,['Low Fat'],1,['Snack Foods']
FDM12,1,[16.7],2,"['reg', 'Regular']",1,['Baking Goods']
FDM13,1,[6.425],1,['Low Fat'],1,['Breakfast']
FDM14,1,"[13.8, nan]",1,['Low Fat'],1,['Canned']
FDM15,1,"[nan, 11.8]",2,"['reg', 'Regular']",1,['Meat']
FDM16,1,[8.155],1,['Regular'],1,['Frozen Foods']
FDM20,1,"[nan, 10.0]",2,"['Low Fat', 'LF']",1,['Fruits and Vegetables']
FDM21,1,"[20.2, nan]",2,"['Low Fat', 'LF']",1,['Snack Foods']
FDM22,1,"[14.0, nan]",1,['Regular'],1,['Snack Foods']
FDM24,1,"[nan, 6.135]",1,['Regular'],1,['Baking Goods']
FDM25,1,"[10.695, nan]",1,['Regular'],1,['Breakfast']
FDM27,1,"[12.35, nan]",1,['Regular'],1,['Meat']
FDM28,1,"[nan, 15.7]",1,['Low Fat'],1,['Frozen Foods']
FDM32,1,[20.5],1,['Low Fat'],1,['Fruits and Vegetables']
FDM33,1,[15.6],1,['Low Fat'],1,['Snack Foods']
FDM34,1,"[nan, 19.0]",1,['Low Fat'],1,['Snack Foods']
FDM36,1,"[11.65, nan]",1,['Regular'],1,['Baking Goods']
FDM38,1,[5.885],1,['Regular'],1,['Canned']
FDM39,1,"[nan, 6.42]",3,"['Low Fat', 'LF', 'low fat']",1,['Dairy']
FDM40,1,[10.195],1,['Low Fat'],1,['Frozen Foods']
FDM44,1,"[nan, 12.5]",3,"['Low Fat', 'LF', 'low fat']",1,['Fruits and Vegetables']
FDM45,1,[8.655],1,['Regular'],1,['Snack Foods']
FDM46,1,"[nan, 7.365]",1,['Low Fat'],1,['Snack Foods']
FDM50,1,"[nan, 13.0]",1,['Regular'],1,['Canned']
FDM51,1,[11.8],1,['Regular'],1,['Meat']
FDM52,1,[15.1],1,['Low Fat'],1,['Frozen Foods']
FDM56,1,"[16.7, nan, nan]",2,"['Low Fat', 'low fat']",1,['Fruits and Vegetables']
FDM57,1,[11.65],1,['Regular'],1,['Snack Foods']
FDM58,1,"[16.85, nan]",2,"['reg', 'Regular']",1,['Snack Foods']
FDM60,1,[10.8],1,['Regular'],1,['Baking Goods']
FDN01,1,"[8.895, nan]",2,"['Low Fat', 'LF']",1,['Breakfast']
FDN02,1,"[16.5, nan]",1,['Low Fat'],1,['Canned']
FDN03,1,"[9.8, nan]",1,['Regular'],1,['Meat']
FDN04,1,"[11.8, nan]",2,"['reg', 'Regular']",1,['Frozen Foods']
FDN08,1,"[nan, 7.72]",1,['Regular'],1,['Fruits and Vegetables']
FDN09,1,"[14.15, nan]",3,"['Low Fat', 'LF', 'low fat']",1,['Snack Foods']
FDN10,1,"[11.5, nan]",1,['Low Fat'],1,['Snack Foods']
FDN12,1,"[nan, 15.6]",2,"['Low Fat', 'LF']",1,['Baking Goods']
FDN13,1,"[18.6, nan]",2,"['Low Fat', 'LF']",1,['Breakfast']
FDN15,1,"[17.5, nan]",1,['Low Fat'],1,['Meat']
FDN16,1,[12.6],1,['Regular'],1,['Frozen Foods']
FDN20,1,"[19.35, nan]",1,['Low Fat'],1,['Fruits and Vegetables']
FDN21,1,"[nan, 18.6, nan]",2,"['Low Fat', 'LF']",1,['Snack Foods']
FDN22,1,[18.85],1,['Regular'],1,['Snack Foods']
FDN23,1,"[nan, 6.575]",1,['Regular'],1,['Breads']
FDN24,1,"[nan, 14.1, nan]",3,"['Low Fat', 'LF', 'low fat']",1,['Baking Goods']
FDN25,1,"[nan, 7.895]",1,['Regular'],1,['Breakfast']
FDN27,1,"[nan, 20.85]",1,['Low Fat'],1,['Meat']
FDN28,1,[5.88],1,['Regular'],1,['Frozen Foods']
FDN31,1,[11.5],1,['Low Fat'],1,['Fruits and Vegetables']
FDN32,1,"[17.5, nan]",1,['Low Fat'],1,['Fruits and Vegetables']
FDN33,1,"[6.305, nan]",1,['Regular'],1,['Snack Foods']
FDN34,1,"[nan, 15.6]",1,['Regular'],1,['Snack Foods']
FDN38,1,"[6.615, nan]",1,['Regular'],1,['Canned']
FDN39,1,"[19.35, nan]",1,['Regular'],1,['Meat']
FDN40,1,[5.88],1,['Low Fat'],1,['Frozen Foods']
FDN44,1,"[nan, 13.15]",2,"['Low Fat', 'LF']",1,['Fruits and Vegetables']
FDN45,1,"[19.35, nan]",1,['Low Fat'],1,['Snack Foods']
FDN46,1,[7.21],1,['Regular'],1,['Snack Foods']
FDN48,1,"[nan, 13.35]",1,['Low Fat'],1,['Baking Goods']
FDN49,1,[17.25],1,['Regular'],1,['Breakfast']
FDN50,1,"[16.85, nan]",2,"['reg', 'Regular']",1,['Canned']
FDN51,1,[17.85],2,"['reg', 'Regular']",1,['Meat']
FDN52,0,[nan],1,['Regular'],1,['Frozen Foods']
FDN56,1,"[nan, 5.46]",1,['Regular'],1,['Fruits and Vegetables']
FDN57,1,"[18.25, nan]",1,['Low Fat'],1,['Snack Foods']
FDN58,1,"[13.8, nan]",2,"['reg', 'Regular']",1,['Snack Foods']
FDN60,1,"[nan, 15.1]",1,['Low Fat'],1,['Baking Goods']
FDO01,1,"[21.1, nan]",1,['Regular'],1,['Breakfast']
FDO03,1,"[10.395, nan]",1,['Regular'],1,['Meat']
FDO04,1,"[16.6, nan]",1,['Low Fat'],1,['Frozen Foods']
FDO08,1,"[11.1, nan]",1,['Regular'],1,['Fruits and Vegetables']
FDO09,1,"[nan, 13.5]",1,['Regular'],1,['Snack Foods']
FDO10,1,"[nan, 13.65]",2,"['reg', 'Regular']",1,['Snack Foods']
FDO11,1,"[8.0, nan]",1,['Regular'],1,['Breads']
FDO12,1,[15.75],1,['Low Fat'],1,['Baking Goods']
FDO13,1,"[nan, 7.865]",1,['Low Fat'],1,['Breakfast']
FDO15,1,"[16.75, nan]",1,['Regular'],1,['Meat']
FDO16,1,[5.48],1,['Low Fat'],1,['Frozen Foods']
FDO19,1,"[17.7, nan]",1,['Regular'],1,['Fruits and Vegetables']
FDO20,1,[12.85],1,['Regular'],1,['Fruits and Vegetables']
FDO21,1,[11.6],1,['Regular'],1,['Snack Foods']
FDO22,1,[13.5],2,"['reg', 'Regular']",1,['Snack Foods']
FDO23,1,"[17.85, nan]",1,['Low Fat'],1,['Breads']
FDO24,1,"[nan, 11.1]",2,"['Low Fat', 'low fat']",1,['Baking Goods']
FDO25,1,"[nan, 6.3]",1,['Low Fat'],1,['Canned']
FDO27,1,"[nan, 6.175]",1,['Regular'],1,['Meat']
FDO28,1,"[5.765, nan]",1,['Low Fat'],1,['Frozen Foods']
FDO31,1,"[nan, 6.76]",2,"['reg', 'Regular']",1,['Fruits and Vegetables']
FDO32,1,"[nan, 6.36]",1,['Low Fat'],1,['Fruits and Vegetables']
FDO33,1,[14.75],1,['Low Fat'],1,['Snack Foods']
FDO34,1,"[17.7, nan]",1,['Low Fat'],1,['Snack Foods']
FDO36,1,"[nan, 19.7]",1,['Low Fat'],1,['Baking Goods']
FDO37,1,"[8.06, nan]",1,['Low Fat'],1,['Breakfast']
FDO38,1,"[nan, 17.25]",2,"['Low Fat', 'low fat']",1,['Canned']
FDO39,1,"[nan, 6.985]",1,['Regular'],1,['Meat']
FDO40,1,"[nan, 17.1]",2,"['Low Fat', 'LF']",1,['Frozen Foods']
FDO44,1,"[nan, 12.6]",1,['Low Fat'],1,['Fruits and Vegetables']
FDO45,1,"[nan, 13.15]",1,['Regular'],1,['Snack Foods']
FDO46,1,"[9.6, nan]",1,['Regular'],1,['Snack Foods']
FDO48,1,[15.0],1,['Regular'],1,['Baking Goods']
FDO49,1,"[10.6, nan]",2,"['reg', 'Regular']",1,['Breakfast']
FDO50,1,"[16.25, nan]",3,"['Low Fat', 'LF', 'low fat']",1,['Canned']
FDO51,1,"[nan, 6.785]",1,['Regular'],1,['Meat']
FDO52,1,"[11.6, nan]",1,['Regular'],1,['Frozen Foods']
FDO56,1,"[10.195, nan]",1,['Regular'],1,['Fruits and Vegetables']
FDO57,1,"[20.75, nan]",1,['Low Fat'],1,['Snack Foods']
FDO58,1,"[nan, 19.6]",1,['Low Fat'],1,['Snack Foods']
FDO60,1,"[20.0, nan]",2,"['Low Fat', 'LF']",1,['Baking Goods']
FDP01,1,[20.75],1,['Regular'],1,['Breakfast']
FDP03,1,[5.15],1,['Regular'],1,['Meat']
FDP04,1,"[nan, 15.35]",1,['Low Fat'],1,['Frozen Foods']
FDP07,1,[18.2],1,['Low Fat'],1,['Fruits and Vegetables']
FDP08,1,[20.5],1,['Regular'],1,['Fruits and Vegetables']
FDP09,1,"[nan, 19.75, nan]",3,"['Low Fat', 'LF', 'low fat']",1,['Snack Foods']
FDP10,1,"[19.0, nan]",1,['Low Fat'],1,['Snack Foods']
FDP11,1,"[nan, 15.85]",1,['Low Fat'],1,['Breads']
FDP12,1,[9.8],1,['Regular'],1,['Baking Goods']
FDP13,1,"[8.1, nan]",1,['Regular'],1,['Canned']
FDP15,1,"[nan, 15.2]",1,['Low Fat'],1,['Meat']
FDP16,1,[18.6],1,['Low Fat'],1,['Frozen Foods']
FDP19,1,[11.5],2,"['Low Fat', 'LF']",1,['Fruits and Vegetables']
FDP20,1,[19.85],1,['Low Fat'],1,['Fruits and Vegetables']
FDP21,1,"[7.42, nan]",1,['Regular'],1,['Snack Foods']
FDP22,1,"[nan, 14.65]",1,['Regular'],1,['Snack Foods']
FDP23,1,"[6.71, nan]",1,['Low Fat'],1,['Breads']
FDP24,1,"[nan, 20.6]",2,"['Low Fat', 'LF']",1,['Baking Goods']
FDP25,1,"[nan, nan, 15.2]",2,"['Low Fat', 'low fat']",1,['Canned']
FDP26,1,"[nan, 7.785]",1,['Low Fat'],1,['Dairy']
FDP27,1,"[8.155, nan]",2,"['Low Fat', 'LF']",1,['Meat']
FDP28,1,[13.65],1,['Regular'],1,['Frozen Foods']
FDP31,1,"[nan, 21.1]",1,['Regular'],1,['Fruits and Vegetables']
FDP32,1,[6.65],1,['Low Fat'],1,['Fruits and Vegetables']
FDP33,1,"[18.7, nan]",2,"['Low Fat', 'LF']",1,['Snack Foods']
FDP34,1,"[nan, 12.85]",2,"['Low Fat', 'LF']",1,['Snack Foods']
FDP36,1,[10.395],1,['Regular'],1,['Baking Goods']
FDP37,1,"[nan, 15.6]",1,['Low Fat'],1,['Breakfast']
FDP38,1,"[10.1, nan]",1,['Low Fat'],1,['Canned']
FDP39,1,"[nan, 12.65]",1,['Low Fat'],1,['Meat']
FDP40,1,"[4.555, nan]",1,['Regular'],1,['Frozen Foods']
FDP44,1,[16.5],1,['Regular'],1,['Fruits and Vegetables']
FDP45,1,"[nan, 15.7]",1,['Regular'],1,['Snack Foods']
FDP46,1,"[nan, 15.35]",1,['Low Fat'],1,['Snack Foods']
FDP48,1,"[nan, 7.52]",1,['Regular'],1,['Baking Goods']
FDP49,1,"[9.0, nan]",1,['Regular'],1,['Breakfast']
FDP51,1,"[nan, 13.85]",1,['Regular'],1,['Meat']
FDP52,1,"[18.7, nan]",2,"['reg', 'Regular']",1,['Frozen Foods']
FDP56,1,"[8.185, nan]",3,"['Low Fat', 'LF', 'low fat']",1,['Fruits and Vegetables']
FDP57,1,[17.5],2,"['Low Fat', 'low fat']",1,['Snack Foods']
FDP58,1,"[nan, 11.1]",1,['Low Fat'],1,['Snack Foods']
FDP59,1,"[20.85, nan]",1,['Regular'],1,['Breads']
FDP60,1,"[17.35, nan]",1,['Low Fat'],1,['Baking Goods']
FDQ01,1,[19.7],1,['Regular'],1,['Canned']
FDQ03,1,"[15.0, nan]",1,['Regular'],1,['Meat']
FDQ04,1,"[nan, 6.4]",1,['Low Fat'],1,['Frozen Foods']
FDQ07,1,"[nan, 15.1]",1,['Regular'],1,['Fruits and Vegetables']
FDQ08,1,"[15.7, nan]",1,['Regular'],1,['Fruits and Vegetables']
FDQ09,1,"[nan, 7.235]",1,['Low Fat'],1,['Snack Foods']
FDQ10,1,"[nan, 12.85]",1,['Low Fat'],1,['Snack Foods']
FDQ11,1,"[5.695, nan]",1,['Regular'],1,['Breads']
FDQ12,1,"[12.65, nan]",2,"['Low Fat', 'LF']",1,['Baking Goods']
FDQ13,1,"[11.1, nan]",2,"['Low Fat', 'LF']",1,['Canned']
FDQ14,1,"[9.27, nan]",3,"['Low Fat', 'LF', 'low fat']",1,['Dairy']
FDQ15,1,"[nan, 20.35]",1,['Regular'],1,['Meat']
FDQ16,1,[19.7],2,"['Low Fat', 'LF']",1,['Frozen Foods']
FDQ19,1,"[nan, 7.35]",2,"['reg', 'Regular']",1,['Fruits and Vegetables']
FDQ20,1,"[8.325, nan]",2,"['Low Fat', 'low fat']",1,['Fruits and Vegetables']
FDQ21,1,[21.25],2,"['Low Fat', 'low fat']",1,['Snack Foods']
FDQ22,1,"[16.75, nan]",1,['Low Fat'],1,['Snack Foods']
FDQ23,1,"[nan, nan, 6.55]",2,"['Low Fat', 'low fat']",1,['Breads']
FDQ24,1,"[15.7, nan]",1,['Low Fat'],1,['Baking Goods']
FDQ25,1,"[8.63, nan]",1,['Regular'],1,['Canned']
FDQ26,1,"[nan, 13.5]",1,['Regular'],1,['Dairy']
FDQ27,1,"[5.19, nan]",1,['Regular'],1,['Meat']
FDQ28,1,"[nan, 14.0]",1,['Regular'],1,['Frozen Foods']
FDQ31,1,"[5.785, nan]",1,['Regular'],1,['Fruits and Vegetables']
FDQ32,1,"[17.85, nan]",1,['Regular'],1,['Fruits and Vegetables']
FDQ33,1,"[13.35, nan]",1,['Low Fat'],1,['Snack Foods']
FDQ34,1,"[10.85, nan]",2,"['Low Fat', 'LF']",1,['Snack Foods']
FDQ36,1,"[nan, 7.855]",1,['Regular'],1,['Baking Goods']
FDQ37,1,"[nan, 20.75]",1,['Low Fat'],1,['Breakfast']
FDQ39,1,"[14.8, nan]",1,['Low Fat'],1,['Meat']
FDQ40,1,"[11.1, nan]",1,['Regular'],1,['Frozen Foods']
FDQ44,1,[20.5],1,['Low Fat'],1,['Fruits and Vegetables']
FDQ45,1,"[9.5, nan]",1,['Regular'],1,['Snack Foods']
FDQ46,1,[7.51],1,['Low Fat'],1,['Snack Foods']
FDQ47,1,[7.155],1,['Regular'],1,['Breads']
FDQ48,1,"[nan, 14.3]",2,"['reg', 'Regular']",1,['Baking Goods']
FDQ49,1,"[nan, 20.2]",1,['Regular'],1,['Breakfast']
FDQ51,1,"[16.0, nan]",1,['Regular'],1,['Meat']
FDQ52,1,"[17.0, nan]",1,['Low Fat'],1,['Frozen Foods']
FDQ55,1,"[nan, 13.65]",1,['Regular'],1,['Fruits and Vegetables']
FDQ56,1,"[nan, 6.59]",1,['Low Fat'],1,['Fruits and Vegetables']
FDQ57,1,"[nan, 7.275]",1,['Low Fat'],1,['Snack Foods']
FDQ58,1,"[nan, 7.315]",1,['Low Fat'],1,['Snack Foods']
FDQ59,1,"[9.8, nan]",1,['Regular'],1,['Breads']
FDQ60,0,[nan],1,['Regular'],1,['Baking Goods']
FDR01,1,"[5.405, nan]",1,['Regular'],1,['Canned']
FDR02,1,[16.7],2,"['Low Fat', 'LF']",1,['Dairy']
FDR03,1,[15.7],1,['Regular'],1,['Meat']
FDR04,1,"[nan, 7.075]",1,['Low Fat'],1,['Frozen Foods']
FDR07,1,"[nan, 21.35]",1,['Low Fat'],1,['Fruits and Vegetables']
FDR08,1,"[18.7, nan]",1,['Low Fat'],1,['Fruits and Vegetables']
FDR09,1,"[18.25, nan]",1,['Low Fat'],1,['Snack Foods']
FDR10,1,[17.6],2,"['Low Fat', 'LF']",1,['Snack Foods']
FDR11,1,[10.5],1,['Regular'],1,['Breads']
FDR12,1,"[12.6, nan]",1,['Regular'],1,['Baking Goods']
FDR13,1,[9.895],1,['Regular'],1,['Canned']
FDR14,1,"[nan, 11.65]",1,['Low Fat'],1,['Dairy']
FDR15,1,"[9.3, nan]",2,"['reg', 'Regular']",1,['Meat']
FDR16,1,[5.845],1,['Regular'],1,['Frozen Foods']
FDR19,1,"[nan, 13.5]",1,['Regular'],1,['Fruits and Vegetables']
FDR20,1,[20.0],1,['Regular'],1,['Fruits and Vegetables']
FDR21,1,"[nan, 19.7]",2,"['Low Fat', 'LF']",1,['Snack Foods']
FDR22,1,"[19.35, nan]",1,['Regular'],1,['Snack Foods']
FDR23,1,"[nan, 15.85]",1,['Low Fat'],1,['Breads']
FDR24,1,"[17.35, nan]",1,['Regular'],1,['Baking Goods']
FDR25,1,"[17.0, nan]",1,['Regular'],1,['Canned']
FDR26,1,[20.7],1,['Low Fat'],1,['Dairy']
FDR27,1,"[nan, 15.1]",1,['Regular'],1,['Meat']
FDR28,1,[13.85],2,"['reg', 'Regular']",1,['Frozen Foods']
FDR31,1,"[nan, 6.46]",1,['Regular'],1,['Fruits and Vegetables']
FDR32,1,"[6.78, nan]",1,['Regular'],1,['Fruits and Vegetables']
FDR33,1,"[nan, 7.31]",1,['Low Fat'],1,['Snack Foods']
FDR34,1,[17.0],1,['Regular'],1,['Snack Foods']
FDR35,1,"[nan, 12.5]",1,['Low Fat'],1,['Breads']
FDR36,1,[6.715],2,"['reg', 'Regular']",1,['Baking Goods']
FDR37,1,"[16.5, nan]",1,['Regular'],1,['Breakfast']
FDR39,1,[20.35],2,"['Low Fat', 'LF']",1,['Meat']
FDR40,1,"[9.1, nan]",1,['Regular'],1,['Frozen Foods']
FDR43,1,"[18.2, nan]",1,['Low Fat'],1,['Fruits and Vegetables']
FDR44,1,"[6.11, nan]",2,"['reg', 'Regular']",1,['Fruits and Vegetables']
FDR45,1,"[nan, 10.8]",1,['Low Fat'],1,['Snack Foods']
FDR46,1,"[16.85, nan]",1,['Low Fat'],1,['Snack Foods']
FDR47,1,"[17.85, nan]",2,"['Low Fat', 'LF']",1,['Breads']
FDR48,1,"[nan, 11.65]",2,"['Low Fat', 'LF']",1,['Baking Goods']
FDR49,1,[8.71],1,['Low Fat'],1,['Canned']
FDR51,1,"[9.035, nan]",1,['Regular'],1,['Meat']
FDR52,1,"[nan, 12.65]",1,['Regular'],1,['Frozen Foods']
FDR55,1,"[12.15, nan]",2,"['reg', 'Regular']",1,['Fruits and Vegetables']
FDR56,1,"[15.5, nan]",1,['Regular'],1,['Fruits and Vegetables']
FDR57,1,[5.675],1,['Regular'],1,['Snack Foods']
FDR58,1,"[6.675, nan]",1,['Low Fat'],1,['Snack Foods']
FDR59,1,"[nan, 14.5]",1,['Regular'],1,['Breads']
FDR60,1,"[14.3, nan]",1,['Low Fat'],1,['Baking Goods']
FDS01,1,"[nan, 11.6]",1,['Low Fat'],1,['Canned']
FDS02,1,"[10.195, nan]",1,['Regular'],1,['Dairy']
FDS03,1,"[nan, 7.825]",1,['Low Fat'],1,['Meat']
FDS04,1,[10.195],1,['Regular'],1,['Frozen Foods']
FDS07,1,[12.35],1,['Low Fat'],1,['Fruits and Vegetables']
FDS08,1,"[nan, 5.735]",1,['Low Fat'],1,['Fruits and Vegetables']
FDS09,1,"[8.895, nan]",1,['Regular'],1,['Snack Foods']
FDS10,1,"[nan, 19.2]",1,['Low Fat'],1,['Snack Foods']
FDS11,1,"[nan, 7.05]",1,['Regular'],1,['Breads']
FDS12,1,"[9.1, nan]",2,"['Low Fat', 'LF']",1,['Baking Goods']
FDS13,1,"[6.465, nan]",2,"['Low Fat', 'LF']",1,['Canned']
FDS14,1,[7.285],1,['Low Fat'],1,['Dairy']
FDS15,1,[9.195],1,['Regular'],1,['Meat']
FDS16,1,"[nan, 15.15]",1,['Regular'],1,['Frozen Foods']
FDS19,1,[13.8],1,['Regular'],1,['Fruits and Vegetables']
FDS20,1,[8.85],1,['Low Fat'],1,['Fruits and Vegetables']
FDS21,1,"[19.85, nan]",2,"['reg', 'Regular']",1,['Snack Foods']
FDS22,1,[16.85],1,['Regular'],1,['Snack Foods']
FDS23,1,"[4.635, nan]",1,['Low Fat'],1,['Breads']
FDS24,1,[20.85],2,"['reg', 'Regular']",1,['Baking Goods']
FDS25,1,"[nan, 6.885]",1,['Regular'],1,['Canned']
FDS26,1,"[20.35, nan]",1,['Low Fat'],1,['Dairy']
FDS27,1,"[10.195, nan]",1,['Regular'],1,['Meat']
FDS28,1,"[8.18, nan]",2,"['reg', 'Regular']",1,['Frozen Foods']
FDS31,1,"[nan, 13.1]",2,"['reg', 'Regular']",1,['Fruits and Vegetables']
FDS32,1,"[17.75, nan]",1,['Regular'],1,['Fruits and Vegetables']
FDS33,1,"[nan, 6.67]",1,['Regular'],1,['Snack Foods']
FDS34,1,"[19.35, nan]",2,"['reg', 'Regular']",1,['Snack Foods']
FDS35,1,"[nan, 9.3]",3,"['Low Fat', 'LF', 'low fat']",1,['Breads']
FDS36,1,[8.38],1,['Regular'],1,['Baking Goods']
FDS37,1,[7.655],1,['Low Fat'],1,['Canned']
FDS39,1,"[nan, 6.895]",1,['Low Fat'],1,['Meat']
FDS40,1,"[nan, 15.35]",1,['Low Fat'],1,['Frozen Foods']
FDS43,1,"[11.65, nan]",1,['Low Fat'],1,['Fruits and Vegetables']
FDS44,1,"[12.65, nan]",1,['Regular'],1,['Fruits and Vegetables']
FDS45,1,"[nan, 5.175]",1,['Regular'],1,['Snack Foods']
FDS46,1,"[17.6, nan]",1,['Regular'],1,['Snack Foods']
FDS47,1,"[16.75, nan]",2,"['Low Fat', 'LF']",1,['Breads']
FDS48,1,"[nan, 15.15]",1,['Low Fat'],1,['Baking Goods']
FDS49,1,[9.0],1,['Low Fat'],1,['Canned']
FDS50,1,[17.0],1,['Low Fat'],1,['Dairy']
FDS51,1,"[13.35, nan]",2,"['Low Fat', 'LF']",1,['Meat']
FDS52,1,"[8.89, nan]",2,"['Low Fat', 'low fat']",1,['Frozen Foods']
FDS55,1,"[nan, 7.02]",1,['Low Fat'],1,['Fruits and Vegetables']
FDS56,1,[5.785],1,['Regular'],1,['Fruits and Vegetables']
FDS57,1,"[nan, 15.5]",2,"['Low Fat', 'LF']",1,['Snack Foods']
FDS58,1,[9.285],1,['Regular'],1,['Snack Foods']
FDS59,1,"[nan, 14.8]",1,['Regular'],1,['Breads']
FDS60,1,[20.85],1,['Low Fat'],1,['Baking Goods']
FDT01,1,[13.65],1,['Regular'],1,['Canned']
FDT02,1,[12.6],2,"['Low Fat', 'LF']",1,['Dairy']
FDT03,1,"[21.25, nan]",1,['Low Fat'],1,['Meat']
FDT04,1,[17.25],1,['Low Fat'],1,['Frozen Foods']
FDT07,1,"[nan, 5.82]",2,"['reg', 'Regular']",1,['Fruits and Vegetables']
FDT08,1,"[13.65, nan]",2,"['Low Fat', 'LF']",1,['Fruits and Vegetables']
FDT09,1,"[nan, 15.15]",1,['Regular'],1,['Snack Foods']
FDT10,1,[16.7],2,"['reg', 'Regular']",1,['Snack Foods']
FDT11,1,"[nan, 5.94]",1,['Regular'],1,['Breads']
FDT12,1,"[nan, 6.215]",1,['Regular'],1,['Baking Goods']
FDT13,1,"[nan, 14.85]",1,['Low Fat'],1,['Canned']
FDT14,1,"[10.695, nan]",1,['Regular'],1,['Dairy']
FDT15,1,"[nan, 12.15]",1,['Regular'],1,['Meat']
FDT16,1,"[9.895, nan]",1,['Regular'],1,['Frozen Foods']
FDT19,1,"[nan, 7.59]",1,['Regular'],1,['Fruits and Vegetables']
FDT20,1,"[10.5, nan]",2,"['Low Fat', 'LF']",1,['Fruits and Vegetables']
FDT21,1,"[nan, 7.42]",1,['Low Fat'],1,['Snack Foods']
FDT22,1,"[10.395, nan]",1,['Low Fat'],1,['Snack Foods']
FDT23,1,[7.72],2,"['reg', 'Regular']",1,['Breads']
FDT24,1,"[12.35, nan]",2,"['reg', 'Regular']",1,['Baking Goods']
FDT25,1,[7.5],1,['Low Fat'],1,['Canned']
FDT26,1,"[nan, 18.85]",2,"['reg', 'Regular']",1,['Dairy']
FDT27,1,"[11.395, nan]",1,['Regular'],1,['Meat']
FDT28,1,[13.3],1,['Low Fat'],1,['Frozen Foods']
FDT31,1,[19.75],1,['Low Fat'],1,['Fruits and Vegetables']
FDT32,1,"[19.0, nan]",1,['Regular'],1,['Fruits and Vegetables']
FDT33,1,[7.81],1,['Regular'],1,['Snack Foods']
FDT34,1,[9.3],2,"['Low Fat', 'LF']",1,['Snack Foods']
FDT35,1,[19.85],1,['Regular'],1,['Breads']
FDT36,1,"[12.3, nan]",2,"['Low Fat', 'LF']",1,['Baking Goods']
FDT37,1,"[nan, 14.15]",1,['Low Fat'],1,['Canned']
FDT38,1,[18.7],1,['Low Fat'],1,['Dairy']
FDT39,1,[6.26],2,"['reg', 'Regular']",1,['Meat']
FDT40,1,"[nan, 5.985]",2,"['Low Fat', 'LF']",1,['Frozen Foods']
FDT43,1,[16.35],1,['Low Fat'],1,['Fruits and Vegetables']
FDT44,1,[16.6],1,['Low Fat'],1,['Fruits and Vegetables']
FDT45,1,[15.85],1,['Low Fat'],1,['Snack Foods']
FDT46,1,"[11.35, nan]",1,['Low Fat'],1,['Snack Foods']
FDT47,1,"[nan, 5.26]",1,['Regular'],1,['Breads']
FDT48,1,"[4.92, nan]",2,"['Low Fat', 'LF']",1,['Baking Goods']
FDT49,1,"[nan, 7.0]",1,['Low Fat'],1,['Canned']
FDT50,1,"[nan, 6.75]",2,"['reg', 'Regular']",1,['Dairy']
FDT51,1,"[11.65, nan]",1,['Regular'],1,['Meat']
FDT52,1,[9.695],1,['Regular'],1,['Frozen Foods']
FDT55,1,"[13.6, nan]",1,['Regular'],1,['Fruits and Vegetables']
FDT56,1,"[16.0, nan]",1,['Regular'],1,['Fruits and Vegetables']
FDT57,1,"[nan, 15.2]",1,['Low Fat'],1,['Snack Foods']
FDT58,1,"[9.0, nan]",1,['Low Fat'],1,['Snack Foods']
FDT59,1,"[13.65, nan]",1,['Low Fat'],1,['Breads']
FDT60,1,"[nan, 12.0]",1,['Low Fat'],1,['Baking Goods']
FDU01,1,"[20.25, nan]",1,['Regular'],1,['Canned']
FDU02,1,"[nan, 13.35]",2,"['Low Fat', 'low fat']",1,['Dairy']
FDU03,1,[18.7],1,['Regular'],1,['Meat']
FDU04,1,"[nan, 7.93]",1,['Low Fat'],1,['Frozen Foods']
FDU07,1,"[11.1, nan]",1,['Low Fat'],1,['Fruits and Vegetables']
FDU08,1,"[nan, 10.3]",2,"['Low Fat', 'LF']",1,['Fruits and Vegetables']
FDU09,1,"[nan, 7.71]",1,['Regular'],1,['Snack Foods']
FDU10,1,[10.1],1,['Regular'],1,['Snack Foods']
FDU11,1,"[nan, 4.785]",1,['Low Fat'],1,['Breads']
FDU12,1,"[nan, 15.5]",1,['Regular'],1,['Baking Goods']
FDU13,1,"[8.355, nan]",2,"['Low Fat', 'low fat']",1,['Canned']
FDU14,1,"[17.75, nan]",1,['Low Fat'],1,['Dairy']
FDU15,1,[13.65],1,['Regular'],1,['Meat']
FDU16,1,[19.25],1,['Regular'],1,['Frozen Foods']
FDU19,1,"[8.77, nan]",2,"['reg', 'Regular']",1,['Fruits and Vegetables']
FDU20,1,"[nan, 19.35]",1,['Regular'],1,['Fruits and Vegetables']
FDU21,1,"[11.8, nan]",2,"['reg', 'Regular']",1,['Snack Foods']
FDU22,1,"[nan, 12.35]",1,['Low Fat'],1,['Snack Foods']
FDU23,1,"[12.15, nan]",2,"['Low Fat', 'LF']",1,['Breads']
FDU24,1,"[nan, 6.78]",2,"['reg', 'Regular']",1,['Baking Goods']
FDU25,1,"[nan, 12.35]",2,"['Low Fat', 'LF']",1,['Canned']
FDU26,1,"[16.7, nan]",1,['Regular'],1,['Dairy']
FDU27,1,"[18.6, nan]",1,['Regular'],1,['Meat']
FDU28,1,"[19.2, nan]",1,['Regular'],1,['Frozen Foods']
FDU31,1,[10.5],2,"['reg', 'Regular']",1,['Fruits and Vegetables']
FDU32,1,"[8.785, nan]",1,['Low Fat'],1,['Fruits and Vegetables']
FDU33,1,"[nan, 7.63]",1,['Regular'],1,['Snack Foods']
FDU34,1,"[18.25, nan]",2,"['Low Fat', 'LF']",1,['Snack Foods']
FDU35,1,"[nan, 6.44]",2,"['Low Fat', 'low fat']",1,['Breads']
FDU36,1,"[nan, 6.15]",1,['Low Fat'],1,['Baking Goods']
FDU37,1,"[9.5, nan]",1,['Regular'],1,['Canned']
FDU38,1,"[10.8, nan, nan]",2,"['Low Fat', 'LF']",1,['Dairy']
FDU39,1,"[nan, 18.85]",2,"['Low Fat', 'LF']",1,['Meat']
FDU40,1,[20.85],1,['Low Fat'],1,['Frozen Foods']
FDU43,1,"[nan, 19.35]",1,['Regular'],1,['Fruits and Vegetables']
FDU44,1,"[12.15, nan]",1,['Regular'],1,['Fruits and Vegetables']
FDU45,1,"[nan, 15.6]",1,['Regular'],1,['Snack Foods']
FDU46,1,"[10.3, nan]",1,['Regular'],1,['Snack Foods']
FDU47,1,[12.8],1,['Regular'],1,['Breads']
FDU48,1,[18.85],1,['Low Fat'],1,['Baking Goods']
FDU49,1,[19.5],1,['Regular'],1,['Canned']
FDU50,1,"[nan, 5.75]",1,['Regular'],1,['Dairy']
FDU51,1,"[20.2, nan]",1,['Regular'],1,['Meat']
FDU52,1,"[nan, 7.56]",1,['Low Fat'],1,['Frozen Foods']
FDU55,1,"[16.2, nan]",1,['Low Fat'],1,['Fruits and Vegetables']
FDU56,1,"[16.85, nan]",2,"['Low Fat', 'LF']",1,['Fruits and Vegetables']
FDU57,1,"[8.27, nan]",2,"['reg', 'Regular']",1,['Snack Foods']
FDU58,1,"[6.61, nan]",1,['Regular'],1,['Snack Foods']
FDU59,1,"[nan, 5.78]",1,['Low Fat'],1,['Breads']
FDU60,1,[20.0],1,['Regular'],1,['Baking Goods']
FDV01,1,"[19.2, nan]",1,['Regular'],1,['Canned']
FDV02,1,"[16.75, nan]",1,['Low Fat'],1,['Dairy']
FDV03,1,"[17.6, nan]",2,"['Low Fat', 'LF']",1,['Meat']
FDV04,1,"[nan, 7.825]",1,['Regular'],1,['Frozen Foods']
FDV07,1,"[9.5, nan]",1,['Low Fat'],1,['Fruits and Vegetables']
FDV08,1,"[nan, 7.35]",1,['Low Fat'],1,['Fruits and Vegetables']
FDV09,1,"[nan, 12.1]",1,['Low Fat'],1,['Snack Foods']
FDV10,1,"[nan, 7.645]",1,['Regular'],1,['Snack Foods']
FDV11,1,[9.1],1,['Regular'],1,['Breads']
FDV12,1,[16.7],1,['Regular'],1,['Baking Goods']
FDV13,1,"[17.35, nan]",1,['Regular'],1,['Canned']
FDV14,1,[19.85],1,['Low Fat'],1,['Dairy']
FDV15,1,"[10.3, nan]",2,"['Low Fat', 'LF']",1,['Meat']
FDV16,1,"[nan, 7.75]",2,"['reg', 'Regular']",1,['Frozen Foods']
FDV19,1,"[nan, 14.85]",1,['Regular'],1,['Fruits and Vegetables']
FDV20,1,"[nan, 20.2]",1,['Regular'],1,['Fruits and Vegetables']
FDV21,1,"[nan, 11.5]",2,"['Low Fat', 'LF']",1,['Snack Foods']
FDV22,1,[14.85],1,['Regular'],1,['Snack Foods']
FDV23,1,"[11.0, nan]",2,"['Low Fat', 'LF']",1,['Breads']
FDV24,1,[5.635],1,['Low Fat'],1,['Baking Goods']
FDV25,1,"[nan, 5.905]",2,"['Low Fat', 'low fat']",1,['Canned']
FDV26,1,"[20.25, nan]",1,['Regular'],1,['Dairy']
FDV27,1,"[nan, 7.97]",1,['Regular'],1,['Meat']
FDV28,1,"[16.1, nan]",1,['Regular'],1,['Frozen Foods']
FDV31,1,[9.8],2,"['Low Fat', 'LF']",1,['Fruits and Vegetables']
FDV32,1,"[nan, 7.785]",2,"['Low Fat', 'LF']",1,['Fruits and Vegetables']
FDV33,1,[9.6],1,['Regular'],1,['Snack Foods']
FDV34,1,[10.695],1,['Regular'],1,['Snack Foods']
FDV35,1,[19.5],1,['Low Fat'],1,['Breads']
FDV36,1,"[18.7, nan]",1,['Low Fat'],1,['Baking Goods']
FDV37,1,"[nan, 13.0]",1,['Regular'],1,['Canned']
FDV38,1,"[19.25, nan]",2,"['Low Fat', 'LF']",1,['Dairy']
FDV39,1,"[11.3, nan]",2,"['Low Fat', 'LF']",1,['Meat']
FDV40,1,[17.35],1,['Low Fat'],1,['Frozen Foods']
FDV43,1,"[16.0, nan]",1,['Low Fat'],1,['Fruits and Vegetables']
FDV44,1,[8.365],1,['Regular'],1,['Fruits and Vegetables']
FDV45,1,"[16.75, nan, nan]",2,"['Low Fat', 'low fat']",1,['Snack Foods']
FDV46,1,"[18.2, nan]",1,['Low Fat'],1,['Snack Foods']
FDV47,1,"[17.1, nan]",2,"['Low Fat', 'low fat']",1,['Breads']
FDV48,1,"[9.195, nan]",1,['Regular'],1,['Baking Goods']
FDV49,1,"[nan, 10.0]",2,"['Low Fat', 'low fat']",1,['Canned']
FDV50,1,[14.3],1,['Low Fat'],1,['Dairy']
FDV51,1,"[16.35, nan]",1,['Low Fat'],1,['Meat']
FDV52,1,[20.7],1,['Regular'],1,['Frozen Foods']
FDV55,1,"[17.75, nan]",1,['Low Fat'],1,['Fruits and Vegetables']
FDV56,1,"[16.1, nan]",1,['Regular'],1,['Fruits and Vegetables']
FDV57,1,"[nan, 15.25]",1,['Regular'],1,['Snack Foods']
FDV58,1,[20.85],1,['Low Fat'],1,['Snack Foods']
FDV59,1,[13.35],2,"['Low Fat', 'LF']",1,['Breads']
FDV60,1,"[nan, 20.2]",1,['Regular'],1,['Baking Goods']
FDW01,1,"[14.5, nan]",2,"['Low Fat', 'LF']",1,['Canned']
FDW02,1,"[nan, 4.805]",1,['Regular'],1,['Dairy']
FDW03,1,[5.63],1,['Regular'],1,['Meat']
FDW04,1,"[8.985, nan]",2,"['reg', 'Regular']",1,['Frozen Foods']
FDW07,1,"[18.0, nan]",1,['Regular'],1,['Fruits and Vegetables']
FDW08,1,"[12.1, nan]",2,"['Low Fat', 'LF']",1,['Fruits and Vegetables']
FDW09,1,"[13.65, nan]",2,"['reg', 'Regular']",1,['Snack Foods']
FDW10,1,[21.2],1,['Low Fat'],1,['Snack Foods']
FDW11,1,"[12.6, nan]",2,"['Low Fat', 'low fat']",1,['Breads']
FDW12,1,"[8.315, nan]",2,"['reg', 'Regular']",1,['Baking Goods']
FDW13,1,"[8.5, nan]",2,"['Low Fat', 'low fat']",1,['Canned']
FDW14,1,[8.3],1,['Regular'],1,['Dairy']
FDW15,1,"[nan, 15.35]",1,['Regular'],1,['Meat']
FDW16,1,"[17.35, nan]",1,['Regular'],1,['Frozen Foods']
FDW19,1,"[nan, 12.35]",1,['Regular'],1,['Fruits and Vegetables']
FDW20,1,"[20.75, nan]",1,['Low Fat'],1,['Fruits and Vegetables']
FDW21,1,"[nan, 5.34]",1,['Regular'],1,['Snack Foods']
FDW22,1,"[9.695, nan]",1,['Regular'],1,['Snack Foods']
FDW23,1,"[5.765, nan]",1,['Low Fat'],1,['Baking Goods']
FDW24,1,"[nan, nan, 6.8]",2,"['Low Fat', 'low fat']",1,['Baking Goods']
FDW25,1,"[5.175, nan]",2,"['Low Fat', 'LF']",1,['Canned']
FDW26,1,"[nan, 11.8]",1,['Regular'],1,['Dairy']
FDW27,1,"[nan, 5.86]",1,['Regular'],1,['Meat']
FDW28,1,"[18.25, nan]",3,"['Low Fat', 'LF', 'low fat']",1,['Frozen Foods']
FDW31,1,"[11.35, nan]",2,"['reg', 'Regular']",1,['Fruits and Vegetables']
FDW32,1,"[nan, 18.35]",1,['Regular'],1,['Fruits and Vegetables']
FDW33,1,[9.395],1,['Low Fat'],1,['Snack Foods']
FDW34,1,"[9.6, nan]",1,['Low Fat'],1,['Snack Foods']
FDW35,1,"[nan, 10.6]",3,"['Low Fat', 'LF', 'low fat']",1,['Breads']
FDW36,1,"[11.15, nan, nan]",2,"['Low Fat', 'LF']",1,['Baking Goods']
FDW37,1,"[19.2, nan]",1,['Low Fat'],1,['Canned']
FDW38,1,"[5.325, nan]",1,['Regular'],1,['Dairy']
FDW39,1,"[nan, 6.69]",1,['Regular'],1,['Meat']
FDW40,1,[14.0],1,['Regular'],1,['Frozen Foods']
FDW43,1,[20.1],1,['Regular'],1,['Fruits and Vegetables']
FDW44,1,[9.5],1,['Regular'],1,['Fruits and Vegetables']
FDW45,1,"[18.0, nan]",1,['Low Fat'],1,['Snack Foods']
FDW46,1,"[13.0, nan]",2,"['reg', 'Regular']",1,['Snack Foods']
FDW47,1,"[nan, 15.0]",1,['Low Fat'],1,['Breads']
FDW48,1,"[18.0, nan]",1,['Low Fat'],1,['Baking Goods']
FDW49,1,"[19.5, nan]",2,"['Low Fat', 'LF']",1,['Canned']
FDW50,1,"[13.1, nan]",1,['Low Fat'],1,['Dairy']
FDW51,1,"[nan, 6.155]",1,['Regular'],1,['Meat']
FDW52,1,"[14.0, nan]",1,['Regular'],1,['Frozen Foods']
FDW55,1,"[12.6, nan]",1,['Regular'],1,['Fruits and Vegetables']
FDW56,1,"[nan, 7.68]",2,"['Low Fat', 'LF']",1,['Fruits and Vegetables']
FDW57,1,[8.31],2,"['reg', 'Regular']",1,['Snack Foods']
FDW58,1,[20.75],2,"['Low Fat', 'LF']",1,['Snack Foods']
FDW59,1,"[nan, 13.15]",1,['Low Fat'],1,['Breads']
FDW60,1,"[nan, 5.44]",1,['Regular'],1,['Baking Goods']
FDX01,1,"[10.1, nan]",2,"['Low Fat', 'LF']",1,['Canned']
FDX02,1,[16.0],2,"['Low Fat', 'LF']",1,['Dairy']
FDX03,1,"[nan, 15.85]",1,['Regular'],1,['Meat']
FDX04,1,"[nan, 19.6]",1,['Regular'],1,['Frozen Foods']
FDX07,1,"[19.2, nan]",1,['Regular'],1,['Fruits and Vegetables']
FDX08,1,"[nan, 12.85]",1,['Low Fat'],1,['Fruits and Vegetables']
FDX09,1,"[9.0, nan]",2,"['Low Fat', 'LF']",1,['Snack Foods']
FDX10,1,"[6.385, nan]",2,"['reg', 'Regular']",1,['Snack Foods']
FDX11,1,[16.0],1,['Regular'],1,['Baking Goods']
FDX12,1,[18.2],1,['Regular'],1,['Baking Goods']
FDX13,1,"[nan, 7.725]",1,['Low Fat'],1,['Canned']
FDX14,1,"[nan, 13.1]",1,['Low Fat'],1,['Dairy']
FDX15,1,"[17.2, nan]",2,"['Low Fat', 'LF']",1,['Meat']
FDX16,1,[17.85],2,"['Low Fat', 'LF']",1,['Frozen Foods']
FDX19,1,[19.1],1,['Low Fat'],1,['Fruits and Vegetables']
FDX20,1,"[nan, 7.365]",2,"['Low Fat', 'LF']",1,['Fruits and Vegetables']
FDX21,1,"[nan, nan, 7.05]",2,"['Low Fat', 'LF']",1,['Snack Foods']
FDX22,1,"[6.785, nan]",1,['Regular'],1,['Snack Foods']
FDX23,1,[6.445],1,['Low Fat'],1,['Baking Goods']
FDX24,1,"[8.355, nan, nan]",3,"['Low Fat', 'LF', 'low fat']",1,['Baking Goods']
FDX25,1,"[16.7, nan]",2,"['Low Fat', 'LF']",1,['Canned']
FDX26,1,"[17.7, nan]",2,"['Low Fat', 'LF']",1,['Dairy']
FDX27,1,[20.7],2,"['reg', 'Regular']",1,['Dairy']
FDX28,1,"[6.325, nan]",1,['Low Fat'],1,['Frozen Foods']
FDX31,1,"[nan, 20.35]",1,['Regular'],1,['Fruits and Vegetables']
FDX32,1,"[nan, 15.1]",1,['Regular'],1,['Fruits and Vegetables']
FDX33,1,"[nan, 9.195]",1,['Regular'],1,['Snack Foods']
FDX34,1,"[nan, 6.195]",1,['Low Fat'],1,['Snack Foods']
FDX35,1,"[nan, 5.035]",1,['Regular'],1,['Breads']
FDX36,1,"[9.695, nan]",1,['Regular'],1,['Baking Goods']
FDX37,1,"[16.2, nan]",1,['Low Fat'],1,['Canned']
FDX38,1,"[10.5, nan]",1,['Regular'],1,['Dairy']
FDX39,1,"[nan, 14.3]",2,"['reg', 'Regular']",1,['Meat']
FDX40,1,"[12.85, nan]",1,['Low Fat'],1,['Frozen Foods']
FDX43,1,[5.655],2,"['Low Fat', 'LF']",1,['Fruits and Vegetables']
FDX44,1,"[9.3, nan]",1,['Low Fat'],1,['Fruits and Vegetables']
FDX45,1,"[16.75, nan]",2,"['Low Fat', 'low fat']",1,['Snack Foods']
FDX46,1,"[nan, 12.3]",1,['Regular'],1,['Snack Foods']
FDX47,1,"[6.55, nan]",1,['Regular'],1,['Breads']
FDX48,1,"[17.75, nan]",2,"['reg', 'Regular']",1,['Baking Goods']
FDX49,1,"[nan, 4.615]",2,"['reg', 'Regular']",1,['Canned']
FDX50,1,"[nan, 20.1]",2,"['Low Fat', 'LF']",1,['Dairy']
FDX51,1,[9.5],1,['Regular'],1,['Meat']
FDX52,1,"[nan, 11.5]",1,['Regular'],1,['Frozen Foods']
FDX55,1,"[nan, 15.1]",2,"['Low Fat', 'low fat']",1,['Fruits and Vegetables']
FDX56,1,"[17.1, nan]",1,['Regular'],1,['Fruits and Vegetables']
FDX57,1,"[17.25, nan]",2,"['reg', 'Regular']",1,['Snack Foods']
FDX58,1,"[nan, 13.15]",3,"['Low Fat', 'LF', 'low fat']",1,['Snack Foods']
FDX59,1,"[10.195, nan]",1,['Low Fat'],1,['Breads']
FDX60,1,"[nan, 14.35]",2,"['Low Fat', 'LF']",1,['Baking Goods']
FDY01,1,[11.8],1,['Regular'],1,['Canned']
FDY02,1,"[8.945, nan]",1,['Regular'],1,['Dairy']
FDY03,1,"[17.6, nan]",1,['Regular'],1,['Meat']
FDY04,1,"[17.7, nan]",1,['Regular'],1,['Frozen Foods']
FDY07,1,"[11.8, nan]",1,['Low Fat'],1,['Fruits and Vegetables']
FDY08,1,"[9.395, nan]",1,['Regular'],1,['Fruits and Vegetables']
FDY09,1,"[nan, 15.6]",1,['Low Fat'],1,['Snack Foods']
FDY10,1,"[17.6, nan]",1,['Low Fat'],1,['Snack Foods']
FDY11,1,[6.71],2,"['reg', 'Regular']",1,['Baking Goods']
FDY12,1,[9.8],1,['Regular'],1,['Baking Goods']
FDY13,1,"[12.1, nan]",2,"['Low Fat', 'LF']",1,['Canned']
FDY14,1,[10.3],2,"['Low Fat', 'LF']",1,['Dairy']
FDY15,1,"[18.25, nan]",1,['Regular'],1,['Dairy']
FDY16,1,"[nan, 18.35, nan]",2,"['reg', 'Regular']",1,['Frozen Foods']
FDY19,1,[19.75],1,['Low Fat'],1,['Fruits and Vegetables']
FDY20,1,[12.5],1,['Regular'],1,['Fruits and Vegetables']
FDY21,1,"[nan, nan, 15.1]",2,"['Low Fat', 'LF']",1,['Snack Foods']
FDY22,1,[16.5],1,['Regular'],1,['Snack Foods']
FDY24,1,[4.88],1,['Regular'],1,['Baking Goods']
FDY25,1,"[nan, 12.0]",1,['Low Fat'],1,['Canned']
FDY26,1,"[20.6, nan]",2,"['reg', 'Regular']",1,['Dairy']
FDY27,1,"[nan, 6.38]",2,"['Low Fat', 'LF']",1,['Dairy']
FDY28,1,"[nan, 7.47]",1,['Regular'],1,['Frozen Foods']
FDY31,1,"[5.98, nan]",2,"['Low Fat', 'LF']",1,['Fruits and Vegetables']
FDY32,1,"[nan, 7.605]",1,['Low Fat'],1,['Fruits and Vegetables']
FDY33,1,"[nan, 14.5]",1,['Regular'],1,['Snack Foods']
FDY34,1,"[10.5, nan]",1,['Regular'],1,['Snack Foods']
FDY35,1,"[17.6, nan]",1,['Regular'],1,['Breads']
FDY36,1,"[12.3, nan]",1,['Low Fat'],1,['Baking Goods']
FDY37,1,"[17.0, nan]",1,['Regular'],1,['Canned']
FDY38,1,"[nan, 13.6]",1,['Regular'],1,['Dairy']
FDY39,1,"[nan, 5.305]",1,['Regular'],1,['Meat']
FDY40,1,"[15.5, nan]",1,['Regular'],1,['Frozen Foods']
FDY43,1,[14.85],1,['Low Fat'],1,['Fruits and Vegetables']
FDY44,1,"[nan, 14.15]",1,['Regular'],1,['Fruits and Vegetables']
FDY45,1,"[17.5, nan]",1,['Low Fat'],1,['Snack Foods']
FDY46,1,"[18.6, nan]",1,['Low Fat'],1,['Snack Foods']
FDY47,1,"[8.6, nan]",2,"['reg', 'Regular']",1,['Breads']
FDY48,1,"[14.0, nan]",1,['Low Fat'],1,['Baking Goods']
FDY49,1,"[nan, 17.2]",1,['Regular'],1,['Canned']
FDY50,1,"[nan, 5.8]",2,"['Low Fat', 'LF']",1,['Dairy']
FDY51,1,"[12.5, nan]",1,['Low Fat'],1,['Meat']
FDY52,1,"[nan, 6.365]",1,['Low Fat'],1,['Frozen Foods']
FDY55,1,"[16.75, nan, nan]",2,"['Low Fat', 'LF']",1,['Fruits and Vegetables']
FDY56,1,"[16.35, nan]",1,['Regular'],1,['Fruits and Vegetables']
FDY57,1,[20.2],2,"['reg', 'Regular']",1,['Snack Foods']
FDY58,1,[11.65],1,['Low Fat'],1,['Snack Foods']
FDY59,1,"[8.195, nan]",1,['Low Fat'],1,['Baking Goods']
FDY60,1,"[10.5, nan]",1,['Regular'],1,['Baking Goods']
FDZ01,1,"[8.975, nan]",1,['Regular'],1,['Canned']
FDZ02,1,"[nan, 6.905]",1,['Regular'],1,['Dairy']
FDZ03,1,[13.65],1,['Regular'],1,['Dairy']
FDZ04,1,[9.31],2,"['Low Fat', 'low fat']",1,['Frozen Foods']
FDZ07,1,"[nan, 15.1]",2,"['reg', 'Regular']",1,['Fruits and Vegetables']
FDZ08,1,"[12.5, nan]",1,['Regular'],1,['Fruits and Vegetables']
FDZ09,1,[17.6],1,['Low Fat'],1,['Snack Foods']
FDZ10,1,"[17.85, nan]",1,['Low Fat'],1,['Snack Foods']
FDZ12,1,"[9.17, nan]",1,['Low Fat'],1,['Baking Goods']
FDZ13,1,[7.84],1,['Regular'],1,['Canned']
FDZ14,1,"[7.71, nan]",1,['Regular'],1,['Dairy']
FDZ15,1,"[nan, 13.1]",1,['Low Fat'],1,['Dairy']
FDZ16,1,"[16.85, nan]",1,['Regular'],1,['Frozen Foods']
FDZ19,1,"[nan, 6.425]",1,['Low Fat'],1,['Fruits and Vegetables']
FDZ20,1,"[16.1, nan]",1,['Low Fat'],1,['Fruits and Vegetables']
FDZ21,1,"[17.6, nan]",1,['Regular'],1,['Snack Foods']
FDZ22,1,"[nan, 9.395]",1,['Low Fat'],1,['Snack Foods']
FDZ23,1,"[17.75, nan]",1,['Regular'],1,['Baking Goods']
FDZ25,1,"[nan, 15.7]",1,['Regular'],1,['Canned']
FDZ26,1,"[11.6, nan]",2,"['reg', 'Regular']",1,['Dairy']
FDZ27,1,"[nan, 7.935]",2,"['Low Fat', 'LF']",1,['Dairy']
FDZ28,1,[20.0],1,['Regular'],1,['Frozen Foods']
FDZ31,1,"[nan, 15.35]",1,['Regular'],1,['Fruits and Vegetables']
FDZ32,1,"[nan, 7.785]",1,['Regular'],1,['Fruits and Vegetables']
FDZ33,1,"[10.195, nan]",2,"['Low Fat', 'low fat']",1,['Snack Foods']
FDZ34,1,[6.695],1,['Low Fat'],1,['Starchy Foods']
FDZ35,1,"[9.6, nan]",1,['Regular'],1,['Breads']
FDZ36,1,[6.035],1,['Regular'],1,['Baking Goods']
FDZ37,1,"[8.1, nan]",1,['Regular'],1,['Canned']
FDZ38,1,"[17.6, nan]",2,"['Low Fat', 'LF']",1,['Dairy']
FDZ39,1,"[19.7, nan]",1,['Regular'],1,['Meat']
FDZ40,1,"[8.935, nan]",1,['Low Fat'],1,['Frozen Foods']
FDZ43,1,"[11.0, nan]",1,['Regular'],1,['Fruits and Vegetables']
FDZ44,1,"[8.185, nan]",1,['Low Fat'],1,['Fruits and Vegetables']
FDZ45,1,"[nan, 14.1]",1,['Low Fat'],1,['Snack Foods']
FDZ46,1,[7.485],1,['Low Fat'],1,['Snack Foods']
FDZ47,1,"[nan, 20.7]",1,['Regular'],1,['Baking Goods']
FDZ48,1,"[17.75, nan]",3,"['Low Fat', 'LF', 'low fat']",1,['Baking Goods']
FDZ49,1,"[11.0, nan]",1,['Regular'],1,['Canned']
FDZ50,1,"[12.8, nan]",1,['Regular'],1,['Dairy']
FDZ51,1,"[11.3, nan]",1,['Regular'],1,['Meat']
FDZ52,1,"[19.2, nan]",1,['Low Fat'],1,['Frozen Foods']
FDZ55,1,"[6.055, nan]",1,['Low Fat'],1,['Fruits and Vegetables']
FDZ56,1,"[16.25, nan]",1,['Low Fat'],1,['Fruits and Vegetables']
FDZ57,1,[10.0],1,['Regular'],1,['Snack Foods']
FDZ58,1,"[17.85, nan]",1,['Low Fat'],1,['Snack Foods']
FDZ59,1,"[nan, 6.63]",2,"['reg', 'Regular']",1,['Baking Goods']
FDZ60,1,"[20.5, nan]",1,['Low Fat'],1,['Baking Goods']
NCA05,1,"[nan, 20.75]",1,['Low Fat'],1,['Health and Hygiene']
NCA06,1,"[20.5, nan]",1,['Low Fat'],1,['Household']
NCA17,1,[20.6],2,"['Low Fat', 'LF']",1,['Health and Hygiene']
NCA18,1,[10.1],1,['Low Fat'],1,['Household']
NCA29,1,[10.5],2,"['Low Fat', 'LF']",1,['Household']
NCA30,1,[19.0],2,"['Low Fat', 'low fat']",1,['Household']
NCA41,1,[16.75],1,['Low Fat'],1,['Health and Hygiene']
NCA42,1,"[nan, 6.965]",1,['Low Fat'],1,['Household']
NCA53,1,"[11.395, nan]",2,"['Low Fat', 'low fat']",1,['Health and Hygiene']
NCA54,1,[16.5],1,['Low Fat'],1,['Household']
NCB06,1,"[17.6, nan]",1,['Low Fat'],1,['Health and Hygiene']
NCB07,1,"[nan, 19.2]",1,['Low Fat'],1,['Household']
NCB18,1,"[19.6, nan]",2,"['Low Fat', 'LF']",1,['Household']
NCB19,1,"[6.525, nan]",2,"['Low Fat', 'LF']",1,['Household']
NCB30,1,"[nan, 14.6]",1,['Low Fat'],1,['Household']
NCB31,1,"[nan, 6.235]",1,['Low Fat'],1,['Household']
NCB42,1,"[11.8, nan]",2,"['Low Fat', 'LF']",1,['Health and Hygiene']
NCB43,1,"[20.2, nan]",1,['Low Fat'],1,['Household']
NCB54,1,[8.76],1,['Low Fat'],1,['Health and Hygiene']
NCB55,1,[15.7],1,['Low Fat'],1,['Household']
NCC06,1,[19.0],1,['Low Fat'],1,['Household']
NCC07,1,"[nan, 19.6]",1,['Low Fat'],1,['Household']
NCC18,1,"[19.1, nan]",2,"['Low Fat', 'LF']",1,['Household']
NCC19,1,"[nan, 6.57]",1,['Low Fat'],1,['Household']
NCC30,1,[16.6],1,['Low Fat'],1,['Household']
NCC31,1,[8.02],2,"['Low Fat', 'LF']",1,['Household']
NCC42,1,[15.0],1,['Low Fat'],1,['Health and Hygiene']
NCC43,1,[7.39],2,"['Low Fat', 'low fat']",1,['Household']
NCC54,1,[17.75],2,"['Low Fat', 'LF']",1,['Health and Hygiene']
NCC55,1,[10.695],1,['Low Fat'],1,['Household']
NCD06,1,[13.0],2,"['Low Fat', 'low fat']",1,['Household']
NCD07,1,[9.1],2,"['Low Fat', 'LF']",1,['Household']
NCD18,1,"[16.0, nan]",1,['Low Fat'],1,['Household']
NCD19,1,[8.93],2,"['Low Fat', 'LF']",1,['Household']
NCD30,1,"[19.7, nan]",1,['Low Fat'],1,['Household']
NCD31,1,"[nan, 12.1]",2,"['Low Fat', 'LF']",1,['Household']
NCD42,1,"[16.5, nan]",1,['Low Fat'],1,['Health and Hygiene']
NCD43,1,"[8.85, nan]",1,['Low Fat'],1,['Household']
NCD54,1,"[nan, 21.1]",2,"['Low Fat', 'low fat']",1,['Household']
NCD55,1,"[14.0, nan]",1,['Low Fat'],1,['Household']
NCE06,1,"[nan, 5.825]",2,"['Low Fat', 'LF']",1,['Household']
NCE07,1,"[8.18, nan]",2,"['Low Fat', 'low fat']",1,['Household']
NCE18,1,[10.0],1,['Low Fat'],1,['Household']
NCE19,1,"[8.97, nan]",1,['Low Fat'],1,['Household']
NCE30,1,"[16.0, nan]",1,['Low Fat'],1,['Household']
NCE31,1,"[nan, 7.67]",1,['Low Fat'],1,['Household']
NCE42,1,"[nan, 21.1]",2,"['Low Fat', 'low fat']",1,['Household']
NCE43,1,"[12.5, nan]",3,"['Low Fat', 'LF', 'low fat']",1,['Household']
NCE54,1,"[nan, 20.7]",1,['Low Fat'],1,['Household']
NCE55,1,"[8.92, nan]",1,['Low Fat'],1,['Household']
NCF06,1,[6.235],1,['Low Fat'],1,['Household']
NCF07,1,"[9.0, nan]",1,['Low Fat'],1,['Household']
NCF18,1,"[nan, 18.35]",2,"['Low Fat', 'LF']",1,['Household']
NCF19,1,"[13.0, nan]",1,['Low Fat'],1,['Household']
NCF30,1,[17.0],2,"['Low Fat', 'LF']",1,['Household']
NCF31,1,"[9.13, nan]",1,['Low Fat'],1,['Household']
NCF42,1,"[17.35, nan]",1,['Low Fat'],1,['Household']
NCF43,1,[8.51],1,['Low Fat'],1,['Household']
NCF54,1,[18.0],1,['Low Fat'],1,['Household']
NCF55,1,[6.675],2,"['Low Fat', 'LF']",1,['Household']
NCG06,1,"[16.35, nan]",1,['Low Fat'],1,['Household']
NCG07,1,"[12.3, nan]",1,['Low Fat'],1,['Household']
NCG18,1,"[nan, 15.3]",1,['Low Fat'],1,['Household']
NCG19,1,[20.25],1,['Low Fat'],1,['Household']
NCG30,1,"[20.2, nan]",2,"['Low Fat', 'LF']",1,['Household']
NCG42,1,[19.2],1,['Low Fat'],1,['Household']
NCG43,1,"[20.2, nan]",1,['Low Fat'],1,['Household']
NCG54,1,"[nan, 12.1]",1,['Low Fat'],1,['Household']
NCG55,1,[16.25],1,['Low Fat'],1,['Household']
NCH06,1,"[12.3, nan]",1,['Low Fat'],1,['Household']
NCH07,1,"[nan, 13.15]",1,['Low Fat'],1,['Household']
NCH18,1,"[9.3, nan]",2,"['Low Fat', 'LF']",1,['Household']
NCH29,1,[5.51],1,['Low Fat'],1,['Health and Hygiene']
NCH30,1,"[17.1, nan]",1,['Low Fat'],1,['Household']
NCH42,1,"[nan, 6.86]",1,['Low Fat'],1,['Household']
NCH43,1,"[8.42, nan]",1,['Low Fat'],1,['Household']
NCH54,1,"[nan, 13.5]",1,['Low Fat'],1,['Household']
NCH55,1,"[16.35, nan]",1,['Low Fat'],1,['Household']
NCI06,1,"[nan, 11.3]",1,['Low Fat'],1,['Household']
NCI17,1,"[8.645, nan]",2,"['Low Fat', 'low fat']",1,['Health and Hygiene']
NCI18,1,"[nan, 18.35]",2,"['Low Fat', 'LF']",1,['Household']
NCI29,1,"[8.6, nan]",1,['Low Fat'],1,['Health and Hygiene']
NCI30,1,"[nan, 20.25]",1,['Low Fat'],1,['Household']
NCI31,1,"[20.0, nan]",2,"['Low Fat', 'low fat']",1,['Others']
NCI42,1,"[nan, 18.75]",1,['Low Fat'],1,['Household']
NCI43,1,"[19.85, nan]",1,['Low Fat'],1,['Household']
NCI54,1,"[nan, nan, 15.2]",3,"['Low Fat', 'LF', 'low fat']",1,['Household']
NCI55,1,"[18.6, nan]",1,['Low Fat'],1,['Household']
NCJ05,1,"[18.7, nan]",2,"['Low Fat', 'LF']",1,['Health and Hygiene']
NCJ06,1,"[20.1, nan]",1,['Low Fat'],1,['Household']
NCJ17,1,[7.68],1,['Low Fat'],1,['Health and Hygiene']
NCJ18,1,"[12.35, nan]",2,"['Low Fat', 'LF']",1,['Household']
NCJ19,1,"[18.6, nan]",2,"['Low Fat', 'LF']",1,['Others']
NCJ29,1,"[10.6, nan]",2,"['Low Fat', 'low fat']",1,['Health and Hygiene']
NCJ30,1,"[nan, 5.82]",3,"['Low Fat', 'LF', 'low fat']",1,['Household']
NCJ31,1,"[19.2, nan]",2,"['Low Fat', 'LF']",1,['Others']
NCJ42,1,"[nan, 19.75]",1,['Low Fat'],1,['Household']
NCJ43,1,"[6.635, nan]",1,['Low Fat'],1,['Household']
NCJ54,1,"[9.895, nan]",2,"['Low Fat', 'LF']",1,['Household']
NCK05,1,"[20.1, nan]",2,"['Low Fat', 'LF']",1,['Health and Hygiene']
NCK06,1,"[nan, 5.03]",1,['Low Fat'],1,['Household']
NCK07,1,[10.65],1,['Low Fat'],1,['Others']
NCK17,1,"[11.0, nan]",1,['Low Fat'],1,['Health and Hygiene']
NCK18,1,"[9.6, nan]",1,['Low Fat'],1,['Household']
NCK19,1,[9.8],1,['Low Fat'],1,['Others']
NCK29,1,"[nan, 5.615]",2,"['Low Fat', 'LF']",1,['Health and Hygiene']
NCK30,1,[14.85],1,['Low Fat'],1,['Household']
NCK31,1,"[10.895, nan]",1,['Low Fat'],1,['Others']
NCK42,1,"[nan, 7.475]",2,"['Low Fat', 'LF']",1,['Household']
NCK53,1,"[11.6, nan]",1,['Low Fat'],1,['Health and Hygiene']
NCK54,1,"[12.15, nan]",1,['Low Fat'],1,['Household']
NCL05,1,"[nan, 19.6]",1,['Low Fat'],1,['Health and Hygiene']
NCL06,1,[14.65],1,['Low Fat'],1,['Household']
NCL07,1,"[13.85, nan]",1,['Low Fat'],1,['Others']
NCL17,1,[7.39],1,['Low Fat'],1,['Health and Hygiene']
NCL18,1,"[18.85, nan]",1,['Low Fat'],1,['Household']
NCL19,1,[15.35],1,['Low Fat'],1,['Others']
NCL29,1,"[9.695, nan]",1,['Low Fat'],1,['Health and Hygiene']
NCL30,1,"[18.1, nan]",1,['Low Fat'],1,['Household']
NCL31,1,"[nan, 7.39]",2,"['Low Fat', 'LF']",1,['Others']
NCL41,1,"[12.35, nan]",1,['Low Fat'],1,['Health and Hygiene']
NCL42,1,[18.85],1,['Low Fat'],1,['Household']
NCL53,1,"[nan, 7.5]",2,"['Low Fat', 'LF']",1,['Health and Hygiene']
NCL54,1,"[nan, 12.6]",1,['Low Fat'],1,['Household']
NCL55,1,"[12.15, nan]",1,['Low Fat'],1,['Others']
NCM05,1,"[6.825, nan]",1,['Low Fat'],1,['Health and Hygiene']
NCM06,1,"[nan, 7.475]",2,"['Low Fat', 'LF']",1,['Household']
NCM07,1,"[9.395, nan]",1,['Low Fat'],1,['Others']
NCM17,1,"[nan, 7.93]",1,['Low Fat'],1,['Health and Hygiene']
NCM18,1,"[13.0, nan]",2,"['Low Fat', 'LF']",1,['Household']
NCM19,1,"[nan, 12.65]",1,['Low Fat'],1,['Others']
NCM26,1,"[nan, 20.5]",2,"['Low Fat', 'LF']",1,['Others']
NCM29,1,"[11.5, nan]",2,"['Low Fat', 'LF']",1,['Health and Hygiene']
NCM30,1,"[nan, 19.1]",2,"['Low Fat', 'LF']",1,['Household']
NCM31,1,[6.095],1,['Low Fat'],1,['Others']
NCM41,1,[16.5],1,['Low Fat'],1,['Health and Hygiene']
NCM42,1,[6.13],1,['Low Fat'],1,['Household']
NCM43,1,"[nan, 14.5]",1,['Low Fat'],1,['Others']
NCM53,1,[18.75],1,['Low Fat'],1,['Health and Hygiene']
NCM54,1,"[nan, 17.7]",2,"['Low Fat', 'LF']",1,['Household']
NCM55,1,[15.6],1,['Low Fat'],1,['Others']
NCN05,1,[8.235],1,['Low Fat'],1,['Health and Hygiene']
NCN06,1,[8.39],1,['Low Fat'],1,['Household']
NCN07,1,[18.5],1,['Low Fat'],1,['Others']
NCN14,1,"[19.1, nan]",1,['Low Fat'],1,['Others']
NCN17,1,[11.0],1,['Low Fat'],1,['Health and Hygiene']
NCN18,1,"[8.895, nan]",2,"['Low Fat', 'LF']",1,['Household']
NCN19,1,"[13.1, nan]",1,['Low Fat'],1,['Others']
NCN26,1,[10.85],2,"['Low Fat', 'LF']",1,['Household']
NCN29,1,"[nan, 15.2]",1,['Low Fat'],1,['Health and Hygiene']
NCN30,1,"[16.35, nan]",2,"['Low Fat', 'LF']",1,['Household']
NCN41,1,"[17.0, nan]",1,['Low Fat'],1,['Health and Hygiene']
NCN42,1,"[nan, 20.25]",1,['Low Fat'],1,['Household']
NCN43,1,"[12.15, nan]",1,['Low Fat'],1,['Others']
NCN53,1,"[5.175, nan]",2,"['Low Fat', 'LF']",1,['Health and Hygiene']
NCN54,1,[20.35],1,['Low Fat'],1,['Household']
NCN55,1,[14.6],2,"['Low Fat', 'LF']",1,['Others']
NCO02,1,"[11.15, nan]",1,['Low Fat'],1,['Others']
NCO05,1,"[nan, 7.27]",1,['Low Fat'],1,['Health and Hygiene']
NCO06,1,"[nan, 19.25]",2,"['Low Fat', 'LF']",1,['Household']
NCO07,1,"[9.06, nan]",1,['Low Fat'],1,['Others']
NCO14,1,"[9.6, nan]",1,['Low Fat'],1,['Household']
NCO17,1,"[10.0, nan]",1,['Low Fat'],1,['Health and Hygiene']
NCO18,1,[13.15],1,['Low Fat'],1,['Household']
NCO26,1,[7.235],1,['Low Fat'],1,['Household']
NCO29,1,"[11.15, nan]",1,['Low Fat'],1,['Health and Hygiene']
NCO30,1,"[nan, 19.5]",1,['Low Fat'],1,['Household']
NCO41,1,"[nan, 12.5]",1,['Low Fat'],1,['Health and Hygiene']
NCO42,1,"[21.25, nan]",2,"['Low Fat', 'LF']",1,['Household']
NCO43,1,[5.5],2,"['Low Fat', 'LF']",1,['Others']
NCO53,1,"[16.2, nan]",1,['Low Fat'],1,['Health and Hygiene']
NCO54,1,"[19.5, nan, nan]",3,"['Low Fat', 'LF', 'low fat']",1,['Household']
NCO55,1,"[12.8, nan]",2,"['Low Fat', 'LF']",1,['Others']
NCP02,1,"[nan, 7.105]",1,['Low Fat'],1,['Household']
NCP05,1,"[19.6, nan]",1,['Low Fat'],1,['Health and Hygiene']
NCP06,1,"[20.7, nan]",2,"['Low Fat', 'LF']",1,['Household']
NCP14,1,[8.275],1,['Low Fat'],1,['Household']
NCP17,1,"[19.35, nan]",1,['Low Fat'],1,['Health and Hygiene']
NCP18,1,"[nan, 12.15]",1,['Low Fat'],1,['Household']
NCP29,1,"[8.42, nan]",2,"['Low Fat', 'LF']",1,['Health and Hygiene']
NCP30,1,"[nan, 20.5]",1,['Low Fat'],1,['Household']
NCP41,1,"[16.6, nan]",1,['Low Fat'],1,['Health and Hygiene']
NCP42,1,"[8.51, nan]",1,['Low Fat'],1,['Household']
NCP43,1,"[17.75, nan]",1,['Low Fat'],1,['Others']
NCP50,1,"[17.35, nan]",1,['Low Fat'],1,['Others']
NCP53,1,"[nan, 14.75]",1,['Low Fat'],1,['Health and Hygiene']
NCP54,1,[15.35],1,['Low Fat'],1,['Household']
NCP55,1,"[nan, 14.65]",2,"['Low Fat', 'low fat']",1,['Others']
NCQ02,1,[12.6],1,['Low Fat'],1,['Household']
NCQ05,1,"[nan, 11.395]",2,"['Low Fat', 'LF']",1,['Health and Hygiene']
NCQ06,1,"[13.0, nan]",2,"['Low Fat', 'LF']",1,['Household']
NCQ17,1,"[10.3, nan]",2,"['Low Fat', 'LF']",1,['Health and Hygiene']
NCQ18,1,"[nan, 15.75]",1,['Low Fat'],1,['Household']
NCQ29,1,"[nan, 12.0]",1,['Low Fat'],1,['Health and Hygiene']
NCQ30,1,"[nan, 7.725]",2,"['Low Fat', 'LF']",1,['Household']
NCQ38,1,"[16.35, nan]",2,"['Low Fat', 'LF']",1,['Others']
NCQ41,1,"[nan, 14.8]",1,['Low Fat'],1,['Health and Hygiene']
NCQ42,1,"[nan, 20.35]",1,['Low Fat'],1,['Household']
NCQ43,1,"[17.75, nan]",2,"['Low Fat', 'LF']",1,['Others']
NCQ50,1,"[18.75, nan]",2,"['Low Fat', 'LF']",1,['Household']
NCQ53,1,"[17.6, nan]",2,"['Low Fat', 'low fat']",1,['Health and Hygiene']
NCQ54,1,"[17.7, nan]",1,['Low Fat'],1,['Household']
NCR05,1,"[10.1, nan]",1,['Low Fat'],1,['Health and Hygiene']
NCR06,1,[12.5],1,['Low Fat'],1,['Household']
NCR17,1,"[9.8, nan]",1,['Low Fat'],1,['Health and Hygiene']
NCR18,1,"[nan, 15.85]",1,['Low Fat'],1,['Household']
NCR29,1,"[nan, 7.565]",1,['Low Fat'],1,['Health and Hygiene']
NCR30,1,"[20.6, nan]",1,['Low Fat'],1,['Household']
NCR38,1,"[17.25, nan]",1,['Low Fat'],1,['Household']
NCR41,1,"[17.85, nan]",1,['Low Fat'],1,['Health and Hygiene']
NCR42,1,[9.105],1,['Low Fat'],1,['Household']
NCR50,1,"[20.2, nan]",2,"['Low Fat', 'LF']",1,['Household']
NCR53,1,"[12.15, nan]",1,['Low Fat'],1,['Health and Hygiene']
NCR54,1,"[16.35, nan]",2,"['Low Fat', 'low fat']",1,['Household']
NCS05,1,"[nan, 11.5]",2,"['Low Fat', 'low fat']",1,['Health and Hygiene']
NCS06,1,"[nan, 7.935]",1,['Low Fat'],1,['Household']
NCS17,1,"[nan, 18.6]",1,['Low Fat'],1,['Health and Hygiene']
NCS18,1,[12.65],1,['Low Fat'],1,['Household']
NCS29,1,"[9.0, nan, nan]",2,"['Low Fat', 'LF']",1,['Health and Hygiene']
NCS30,1,[5.945],2,"['Low Fat', 'LF']",1,['Household']
NCS38,1,"[8.6, nan]",1,['Low Fat'],1,['Household']
NCS41,1,"[12.85, nan]",1,['Low Fat'],1,['Health and Hygiene']
NCS42,1,[8.6],2,"['Low Fat', 'low fat']",1,['Household']
NCS53,1,"[nan, 14.5]",1,['Low Fat'],1,['Health and Hygiene']
NCS54,1,"[13.6, nan]",2,"['Low Fat', 'LF']",1,['Household']
NCT05,1,[10.895],2,"['Low Fat', 'LF']",1,['Health and Hygiene']
NCT06,1,"[17.1, nan]",1,['Low Fat'],1,['Household']
NCT17,1,"[10.8, nan]",2,"['Low Fat', 'LF']",1,['Health and Hygiene']
NCT18,1,"[nan, 14.6]",1,['Low Fat'],1,['Household']
NCT29,1,"[12.6, nan]",1,['Low Fat'],1,['Health and Hygiene']
NCT30,1,"[9.1, nan]",1,['Low Fat'],1,['Household']
NCT41,1,"[nan, 15.7]",2,"['Low Fat', 'LF']",1,['Health and Hygiene']
NCT42,1,"[nan, 5.88]",1,['Low Fat'],1,['Household']
NCT53,1,"[nan, 5.4, nan]",2,"['Low Fat', 'low fat']",1,['Health and Hygiene']
NCT54,1,[8.695],1,['Low Fat'],1,['Household']
NCU05,1,"[11.8, nan]",1,['Low Fat'],1,['Health and Hygiene']
NCU06,1,"[17.6, nan]",1,['Low Fat'],1,['Household']
NCU17,1,"[nan, 5.32]",1,['Low Fat'],1,['Health and Hygiene']
NCU18,1,"[nan, 15.1]",1,['Low Fat'],1,['Household']
NCU29,1,"[nan, 7.685]",1,['Low Fat'],1,['Health and Hygiene']
NCU30,1,[5.11],1,['Low Fat'],1,['Household']
NCU41,1,[18.85],2,"['Low Fat', 'LF']",1,['Health and Hygiene']
NCU42,1,"[9.0, nan]",1,['Low Fat'],1,['Household']
NCU53,1,[5.485],2,"['Low Fat', 'low fat']",1,['Health and Hygiene']
NCU54,1,[8.88],2,"['Low Fat', 'LF']",1,['Household']
NCV05,1,"[10.1, nan]",1,['Low Fat'],1,['Health and Hygiene']
NCV06,1,"[11.3, nan]",1,['Low Fat'],1,['Household']
NCV17,1,[18.85],1,['Low Fat'],1,['Health and Hygiene']
NCV18,1,[6.775],1,['Low Fat'],1,['Household']
NCV29,1,"[11.8, nan]",2,"['Low Fat', 'LF']",1,['Health and Hygiene']
NCV30,1,"[nan, 20.2]",1,['Low Fat'],1,['Household']
NCV41,1,"[14.35, nan]",2,"['Low Fat', 'LF']",1,['Health and Hygiene']
NCV42,1,[6.26],1,['Low Fat'],1,['Household']
NCV53,1,[8.27],1,['Low Fat'],1,['Health and Hygiene']
NCV54,1,"[11.1, nan]",1,['Low Fat'],1,['Household']
NCW05,1,[20.25],1,['Low Fat'],1,['Health and Hygiene']
NCW06,1,[16.2],1,['Low Fat'],1,['Household']
NCW17,1,"[nan, 18.0]",1,['Low Fat'],1,['Health and Hygiene']
NCW18,1,"[nan, 15.1]",1,['Low Fat'],1,['Household']
NCW29,1,"[14.0, nan]",1,['Low Fat'],1,['Health and Hygiene']
NCW30,1,[5.21],1,['Low Fat'],1,['Household']
NCW41,1,"[18.0, nan]",1,['Low Fat'],1,['Health and Hygiene']
NCW42,1,"[nan, 18.2]",2,"['Low Fat', 'LF']",1,['Household']
NCW53,1,"[nan, 18.35]",1,['Low Fat'],1,['Health and Hygiene']
NCW54,1,[7.5],2,"['Low Fat', 'low fat']",1,['Household']
NCX05,1,"[nan, 15.2]",2,"['Low Fat', 'LF']",1,['Health and Hygiene']
NCX06,1,"[17.6, nan, nan]",2,"['Low Fat', 'LF']",1,['Household']
NCX17,1,[21.25],1,['Low Fat'],1,['Health and Hygiene']
NCX18,1,"[nan, 14.15]",1,['Low Fat'],1,['Household']
NCX29,1,"[10.0, nan]",2,"['Low Fat', 'LF']",1,['Health and Hygiene']
NCX30,1,"[16.7, nan, nan]",2,"['Low Fat', 'LF']",1,['Household']
NCX41,1,"[nan, 19.0]",1,['Low Fat'],1,['Health and Hygiene']
NCX42,1,"[nan, 6.36]",1,['Low Fat'],1,['Household']
NCX53,1,[20.1],2,"['Low Fat', 'LF']",1,['Health and Hygiene']
NCX54,1,"[9.195, nan]",2,"['Low Fat', 'low fat']",1,['Household']
NCY05,1,"[13.5, nan]",2,"['Low Fat', 'LF']",1,['Health and Hygiene']
NCY06,1,"[nan, 15.25]",2,"['Low Fat', 'LF']",1,['Household']
NCY17,1,[18.2],1,['Low Fat'],1,['Health and Hygiene']
NCY18,1,"[nan, 7.285]",1,['Low Fat'],1,['Household']
NCY29,1,"[nan, 13.65]",2,"['Low Fat', 'low fat']",1,['Health and Hygiene']
NCY30,1,[20.25],2,"['Low Fat', 'LF']",1,['Household']
NCY41,1,"[16.75, nan]",3,"['Low Fat', 'LF', 'low fat']",1,['Health and Hygiene']
NCY42,1,[6.38],1,['Low Fat'],1,['Household']
NCY53,1,"[nan, 20.0]",1,['Low Fat'],1,['Health and Hygiene']
NCY54,1,"[8.43, nan]",1,['Low Fat'],1,['Household']
NCZ05,1,"[8.485, nan]",1,['Low Fat'],1,['Health and Hygiene']
NCZ06,1,"[19.6, nan]",1,['Low Fat'],1,['Household']
NCZ17,1,"[12.15, nan]",2,"['Low Fat', 'LF']",1,['Health and Hygiene']
NCZ18,1,"[nan, 7.825]",2,"['Low Fat', 'low fat']",1,['Household']
NCZ29,1,[15.0],1,['Low Fat'],1,['Health and Hygiene']
NCZ30,1,"[6.59, nan]",2,"['Low Fat', 'LF']",1,['Household']
NCZ41,1,[19.85],1,['Low Fat'],1,['Health and Hygiene']
NCZ42,1,[10.5],2,"['Low Fat', 'LF']",1,['Household']
NCZ53,1,"[9.6, nan]",1,['Low Fat'],1,['Health and Hygiene']
NCZ54,1,"[nan, 14.65]",1,['Low Fat'],1,['Household']
